id	module	function	parallel	dcu_speedup	dcu_error_max_abs	selection_rule	suggested_executable	test_method	data_source	size_or_parameter_policy	baseline_reference	mixed_precision_run
1	Filtering/BinaryMathematicalMorphology	BinaryDilateImageFilter	并行	172.087862077	0	DCU 混精加速比 > 1 且 DCU 混精误差 max_abs <= 1e-5	hip_mathematical_morphology_benchmark / hip_binary_reconstruction_benchmark	固定标量、二值或标签2D输入；比较一致性、拓扑和端到端墙钟	标准回归输入：按清单规定的固定公式、数据类型、尺寸和参数生成；结果标记为 internal_deterministic。外部文件复核使用 data/ 下与该函数数据类型匹配的文件，并记录具体文件名。	以对应模块程序内置尺寸和参数为准	ITK_ENABLE_MIXED_PRECISION=OFF	ITK_ENABLE_MIXED_PRECISION=ON；ITK_HIP_PRECISION_MODE=fp32_fp64
2	Filtering/BinaryMathematicalMorphology	BinaryErodeImageFilter	并行	342.692961933	0	DCU 混精加速比 > 1 且 DCU 混精误差 max_abs <= 1e-5	hip_mathematical_morphology_benchmark / hip_binary_reconstruction_benchmark	固定标量、二值或标签2D输入；比较一致性、拓扑和端到端墙钟	标准回归输入：按清单规定的固定公式、数据类型、尺寸和参数生成；结果标记为 internal_deterministic。外部文件复核使用 data/ 下与该函数数据类型匹配的文件，并记录具体文件名。	以对应模块程序内置尺寸和参数为准	ITK_ENABLE_MIXED_PRECISION=OFF	ITK_ENABLE_MIXED_PRECISION=ON；ITK_HIP_PRECISION_MODE=fp32_fp64
3	Filtering/BinaryMathematicalMorphology	BinaryMorphologicalClosingImageFilter	并行	162.209151821	0	DCU 混精加速比 > 1 且 DCU 混精误差 max_abs <= 1e-5	hip_mathematical_morphology_benchmark / hip_binary_reconstruction_benchmark	固定标量、二值或标签2D输入；比较一致性、拓扑和端到端墙钟	标准回归输入：按清单规定的固定公式、数据类型、尺寸和参数生成；结果标记为 internal_deterministic。外部文件复核使用 data/ 下与该函数数据类型匹配的文件，并记录具体文件名。	以对应模块程序内置尺寸和参数为准	ITK_ENABLE_MIXED_PRECISION=OFF	ITK_ENABLE_MIXED_PRECISION=ON；ITK_HIP_PRECISION_MODE=fp32_fp64
4	Filtering/BinaryMathematicalMorphology	BinaryMorphologicalOpeningImageFilter	并行	132.218314823	0	DCU 混精加速比 > 1 且 DCU 混精误差 max_abs <= 1e-5	hip_mathematical_morphology_benchmark / hip_binary_reconstruction_benchmark	固定标量、二值或标签2D输入；比较一致性、拓扑和端到端墙钟	标准回归输入：按清单规定的固定公式、数据类型、尺寸和参数生成；结果标记为 internal_deterministic。外部文件复核使用 data/ 下与该函数数据类型匹配的文件，并记录具体文件名。	以对应模块程序内置尺寸和参数为准	ITK_ENABLE_MIXED_PRECISION=OFF	ITK_ENABLE_MIXED_PRECISION=ON；ITK_HIP_PRECISION_MODE=fp32_fp64
5	Filtering/BinaryMathematicalMorphology	DilateObjectMorphologyImageFilter	并行	185.08556183	0	DCU 混精加速比 > 1 且 DCU 混精误差 max_abs <= 1e-5	hip_mathematical_morphology_benchmark / hip_binary_reconstruction_benchmark	固定标量、二值或标签2D输入；比较一致性、拓扑和端到端墙钟	标准回归输入：按清单规定的固定公式、数据类型、尺寸和参数生成；结果标记为 internal_deterministic。外部文件复核使用 data/ 下与该函数数据类型匹配的文件，并记录具体文件名。	以对应模块程序内置尺寸和参数为准	ITK_ENABLE_MIXED_PRECISION=OFF	ITK_ENABLE_MIXED_PRECISION=ON；ITK_HIP_PRECISION_MODE=fp32_fp64
6	Filtering/BinaryMathematicalMorphology	ErodeObjectMorphologyImageFilter	并行	180.7212949	0	DCU 混精加速比 > 1 且 DCU 混精误差 max_abs <= 1e-5	hip_mathematical_morphology_benchmark / hip_binary_reconstruction_benchmark	固定标量、二值或标签2D输入；比较一致性、拓扑和端到端墙钟	标准回归输入：按清单规定的固定公式、数据类型、尺寸和参数生成；结果标记为 internal_deterministic。外部文件复核使用 data/ 下与该函数数据类型匹配的文件，并记录具体文件名。	以对应模块程序内置尺寸和参数为准	ITK_ENABLE_MIXED_PRECISION=OFF	ITK_ENABLE_MIXED_PRECISION=ON；ITK_HIP_PRECISION_MODE=fp32_fp64
7	Filtering/BinaryMathematicalMorphology	FastIncrementalBinaryDilateImageFilter	并行	170.243449063	0	DCU 混精加速比 > 1 且 DCU 混精误差 max_abs <= 1e-5	hip_mathematical_morphology_benchmark / hip_binary_reconstruction_benchmark	固定标量、二值或标签2D输入；比较一致性、拓扑和端到端墙钟	标准回归输入：按清单规定的固定公式、数据类型、尺寸和参数生成；结果标记为 internal_deterministic。外部文件复核使用 data/ 下与该函数数据类型匹配的文件，并记录具体文件名。	以对应模块程序内置尺寸和参数为准	ITK_ENABLE_MIXED_PRECISION=OFF	ITK_ENABLE_MIXED_PRECISION=ON；ITK_HIP_PRECISION_MODE=fp32_fp64
8	Filtering/Convolution	ConvolutionImageFilter	并行	6.37190893514	0	DCU 混精加速比 > 1 且 DCU 混精误差 max_abs <= 1e-5	hip_convolution_benchmark	固定2D合成图像；CPU参考与Hip/DCU分别运行，比较误差并记录端到端墙钟	标准回归输入：按清单规定的固定公式、数据类型、尺寸和参数生成；结果标记为 internal_deterministic。外部文件复核使用 data/ 下与该函数数据类型匹配的文件，并记录具体文件名。	默认64x64，可由程序参数调整	ITK_ENABLE_MIXED_PRECISION=OFF	ITK_ENABLE_MIXED_PRECISION=ON；ITK_HIP_PRECISION_MODE=fp32_fp64
9	Filtering/Convolution	NormalizedCorrelationImageFilter	并行	37.97293758292243	1.490108941792911e-8	DCU 混精加速比 > 1 且 DCU 混精误差 max_abs <= 1e-5	hip_convolution_benchmark	固定2D合成图像；CPU参考与Hip/DCU分别运行，比较误差并记录端到端墙钟	标准回归输入：按清单规定的固定公式、数据类型、尺寸和参数生成；结果标记为 internal_deterministic。外部文件复核使用 data/ 下与该函数数据类型匹配的文件，并记录具体文件名。	默认64x64，可由程序参数调整	ITK_ENABLE_MIXED_PRECISION=OFF	ITK_ENABLE_MIXED_PRECISION=ON；ITK_HIP_PRECISION_MODE=fp32_fp64
10	Filtering/CurvatureFlow	BinaryMinMaxCurvatureFlowImageFilter	并行	99.98471246739273	0	DCU 混精加速比 > 1 且 DCU 混精误差 max_abs <= 1e-5	hip_curvature_flow_benchmark / hip_smoothing_extra_benchmark	固定2D合成图像；CPU参考与Hip/DCU分别运行，比较误差并记录端到端墙钟	标准回归输入：按清单规定的固定公式、数据类型、尺寸和参数生成；结果标记为 internal_deterministic。外部文件复核使用 data/ 下与该函数数据类型匹配的文件，并记录具体文件名。	以对应模块程序内置尺寸和参数为准	ITK_ENABLE_MIXED_PRECISION=OFF	ITK_ENABLE_MIXED_PRECISION=ON；ITK_HIP_PRECISION_MODE=fp32_fp64
11	Filtering/CurvatureFlow	CurvatureFlowImageFilter	并行	195.287920376242	0.000001907337171758172	DCU 混精加速比 > 1 且 DCU 混精误差 max_abs <= 1e-5	hip_curvature_flow_benchmark / hip_smoothing_extra_benchmark	固定2D合成图像；CPU参考与Hip/DCU分别运行，比较误差并记录端到端墙钟	标准回归输入：按清单规定的固定公式、数据类型、尺寸和参数生成；结果标记为 internal_deterministic。外部文件复核使用 data/ 下与该函数数据类型匹配的文件，并记录具体文件名。	以对应模块程序内置尺寸和参数为准	ITK_ENABLE_MIXED_PRECISION=OFF	ITK_ENABLE_MIXED_PRECISION=ON；ITK_HIP_PRECISION_MODE=fp32_fp64
12	Filtering/DisplacementField	DisplacementFieldJacobianDeterminantFilter	并行	10.2679588989	8.25368310459e-8	DCU 混精加速比 > 1 且 DCU 混精误差 max_abs <= 1e-5	hip_displacement_field_benchmark	固定2D合成图像；CPU参考与Hip/DCU分别运行，比较误差并记录端到端墙钟	标准回归输入：按清单规定的固定公式、数据类型、尺寸和参数生成；结果标记为 internal_deterministic。外部文件复核使用 data/ 下与该函数数据类型匹配的文件，并记录具体文件名。	以对应模块程序内置尺寸和参数为准	ITK_ENABLE_MIXED_PRECISION=OFF	ITK_ENABLE_MIXED_PRECISION=ON；ITK_HIP_PRECISION_MODE=fp32_fp64
13	Filtering/DistanceMap	IsoContourDistanceImageFilter	并行	20.5140395643	0	DCU 混精加速比 > 1 且 DCU 混精误差 max_abs <= 1e-5	hip_distance_map_benchmark	固定2D合成图像；CPU参考与Hip/DCU分别运行，比较误差并记录端到端墙钟	标准回归输入：按清单规定的固定公式、数据类型、尺寸和参数生成；结果标记为 internal_deterministic。外部文件复核使用 data/ 下与该函数数据类型匹配的文件，并记录具体文件名。	默认128x128，可由程序参数调整	ITK_ENABLE_MIXED_PRECISION=OFF	ITK_ENABLE_MIXED_PRECISION=ON；ITK_HIP_PRECISION_MODE=fp32_fp64
14	Filtering/DistanceMap	SignedMaurerDistanceMapImageFilter	并行	2.86339267356	0	DCU 混精加速比 > 1 且 DCU 混精误差 max_abs <= 1e-5	hip_distance_map_benchmark	固定2D合成图像；CPU参考与Hip/DCU分别运行，比较误差并记录端到端墙钟	标准回归输入：按清单规定的固定公式、数据类型、尺寸和参数生成；结果标记为 internal_deterministic。外部文件复核使用 data/ 下与该函数数据类型匹配的文件，并记录具体文件名。	默认128x128，可由程序参数调整	ITK_ENABLE_MIXED_PRECISION=OFF	ITK_ENABLE_MIXED_PRECISION=ON；ITK_HIP_PRECISION_MODE=fp32_fp64
15	Filtering/ImageCompare	CheckerBoardImageFilter	并行	63.316082872	0	DCU 混精加速比 > 1 且 DCU 混精误差 max_abs <= 1e-5	hip_image_compare_benchmark / hip_image_compare_test	固定2D合成图像；CPU参考与Hip/DCU分别运行，比较误差并记录端到端墙钟	标准回归输入：按清单规定的固定公式、数据类型、尺寸和参数生成；结果标记为 internal_deterministic。外部文件复核使用 data/ 下与该函数数据类型匹配的文件，并记录具体文件名。	以对应模块程序内置尺寸和参数为准	ITK_ENABLE_MIXED_PRECISION=OFF	ITK_ENABLE_MIXED_PRECISION=ON；ITK_HIP_PRECISION_MODE=fp32_fp64
16	Filtering/ImageFeature	BilateralImageFilter	并行	41.6230422146	0	DCU 混精加速比 > 1 且 DCU 混精误差 max_abs <= 1e-5	hip_image_feature_benchmark / hip_image_feature_correctness_test	固定2D合成图像；CPU参考与Hip/DCU分别运行，比较误差并记录端到端墙钟	标准回归输入：按清单规定的固定公式、数据类型、尺寸和参数生成；结果标记为 internal_deterministic。外部文件复核使用 data/ 下与该函数数据类型匹配的文件，并记录具体文件名。	以对应模块程序内置尺寸和参数为准	ITK_ENABLE_MIXED_PRECISION=OFF	ITK_ENABLE_MIXED_PRECISION=ON；ITK_HIP_PRECISION_MODE=fp32_fp64
17	Filtering/ImageFeature	CannyEdgeDetectionImageFilter	并行	173.083597801	0	DCU 混精加速比 > 1 且 DCU 混精误差 max_abs <= 1e-5	hip_image_feature_benchmark / hip_image_feature_correctness_test	固定2D合成图像；CPU参考与Hip/DCU分别运行，比较误差并记录端到端墙钟	标准回归输入：按清单规定的固定公式、数据类型、尺寸和参数生成；结果标记为 internal_deterministic。外部文件复核使用 data/ 下与该函数数据类型匹配的文件，并记录具体文件名。	以对应模块程序内置尺寸和参数为准	ITK_ENABLE_MIXED_PRECISION=OFF	ITK_ENABLE_MIXED_PRECISION=ON；ITK_HIP_PRECISION_MODE=fp32_fp64
18	Filtering/ImageFeature	Hessian3DToVesselnessMeasureImageFilter	并行	12.1851736041	0	DCU 混精加速比 > 1 且 DCU 混精误差 max_abs <= 1e-5	hip_image_feature_benchmark / hip_image_feature_correctness_test	固定2D合成图像；CPU参考与Hip/DCU分别运行，比较误差并记录端到端墙钟	标准回归输入：按清单规定的固定公式、数据类型、尺寸和参数生成；结果标记为 internal_deterministic。外部文件复核使用 data/ 下与该函数数据类型匹配的文件，并记录具体文件名。	以对应模块程序内置尺寸和参数为准	ITK_ENABLE_MIXED_PRECISION=OFF	ITK_ENABLE_MIXED_PRECISION=ON；ITK_HIP_PRECISION_MODE=fp32_fp64
19	Filtering/ImageFeature	HessianToObjectnessMeasureImageFilter	并行	180.93878319	4.031112804e-17	DCU 混精加速比 > 1 且 DCU 混精误差 max_abs <= 1e-5	hip_image_feature_benchmark / hip_image_feature_correctness_test	固定2D合成图像；CPU参考与Hip/DCU分别运行，比较误差并记录端到端墙钟	标准回归输入：按清单规定的固定公式、数据类型、尺寸和参数生成；结果标记为 internal_deterministic。外部文件复核使用 data/ 下与该函数数据类型匹配的文件，并记录具体文件名。	以对应模块程序内置尺寸和参数为准	ITK_ENABLE_MIXED_PRECISION=OFF	ITK_ENABLE_MIXED_PRECISION=ON；ITK_HIP_PRECISION_MODE=fp32_fp64
20	Filtering/ImageFeature	SimpleContourExtractorImageFilter	并行	15.5086320499	0	DCU 混精加速比 > 1 且 DCU 混精误差 max_abs <= 1e-5	hip_image_feature_benchmark / hip_image_feature_correctness_test	固定2D合成图像；CPU参考与Hip/DCU分别运行，比较误差并记录端到端墙钟	标准回归输入：按清单规定的固定公式、数据类型、尺寸和参数生成；结果标记为 internal_deterministic。外部文件复核使用 data/ 下与该函数数据类型匹配的文件，并记录具体文件名。	以对应模块程序内置尺寸和参数为准	ITK_ENABLE_MIXED_PRECISION=OFF	ITK_ENABLE_MIXED_PRECISION=ON；ITK_HIP_PRECISION_MODE=fp32_fp64
21	Filtering/ImageFeature	ZeroCrossingImageFilter	并行	33.8302677314	0	DCU 混精加速比 > 1 且 DCU 混精误差 max_abs <= 1e-5	hip_image_feature_benchmark / hip_image_feature_correctness_test	固定2D合成图像；CPU参考与Hip/DCU分别运行，比较误差并记录端到端墙钟	标准回归输入：按清单规定的固定公式、数据类型、尺寸和参数生成；结果标记为 internal_deterministic。外部文件复核使用 data/ 下与该函数数据类型匹配的文件，并记录具体文件名。	以对应模块程序内置尺寸和参数为准	ITK_ENABLE_MIXED_PRECISION=OFF	ITK_ENABLE_MIXED_PRECISION=ON；ITK_HIP_PRECISION_MODE=fp32_fp64
22	Filtering/ImageFilterBase	CastImageFilter	并行	1.7498304418	0	DCU 混精加速比 > 1 且 DCU 混精误差 max_abs <= 1e-5	hip_image_intensity_benchmark / hip_misc_benchmark	固定2D合成图像；CPU参考与Hip/DCU分别运行，比较误差并记录端到端墙钟	标准回归输入：按清单规定的固定公式、数据类型、尺寸和参数生成；结果标记为 internal_deterministic。外部文件复核使用 data/ 下与该函数数据类型匹配的文件，并记录具体文件名。	以对应模块程序内置尺寸和参数为准	ITK_ENABLE_MIXED_PRECISION=OFF	ITK_ENABLE_MIXED_PRECISION=ON；ITK_HIP_PRECISION_MODE=fp32_fp64
23	Filtering/ImageFilterBase	NoiseImageFilter	并行	6.07955649522	0	DCU 混精加速比 > 1 且 DCU 混精误差 max_abs <= 1e-5	hip_image_intensity_benchmark / hip_misc_benchmark	固定2D合成图像；CPU参考与Hip/DCU分别运行，比较误差并记录端到端墙钟	标准回归输入：按清单规定的固定公式、数据类型、尺寸和参数生成；结果标记为 internal_deterministic。外部文件复核使用 data/ 下与该函数数据类型匹配的文件，并记录具体文件名。	以对应模块程序内置尺寸和参数为准	ITK_ENABLE_MIXED_PRECISION=OFF	ITK_ENABLE_MIXED_PRECISION=ON；ITK_HIP_PRECISION_MODE=fp32_fp64
24	Filtering/ImageGradient	DifferenceOfGaussiansGradientImageFilter	并行	84.9324572769	0	DCU 混精加速比 > 1 且 DCU 混精误差 max_abs <= 1e-5	hip_image_gradient_benchmark	固定2D合成图像；CPU参考与Hip/DCU分别运行，比较误差并记录端到端墙钟	标准回归输入：按清单规定的固定公式、数据类型、尺寸和参数生成；结果标记为 internal_deterministic。外部文件复核使用 data/ 下与该函数数据类型匹配的文件，并记录具体文件名。	以对应模块程序内置尺寸和参数为准	ITK_ENABLE_MIXED_PRECISION=OFF	ITK_ENABLE_MIXED_PRECISION=ON；ITK_HIP_PRECISION_MODE=fp32_fp64
25	Filtering/ImageGradient	GradientMagnitudeImageFilter	并行	179.518697803	0	DCU 混精加速比 > 1 且 DCU 混精误差 max_abs <= 1e-5	hip_image_gradient_benchmark	固定2D合成图像；CPU参考与Hip/DCU分别运行，比较误差并记录端到端墙钟	标准回归输入：按清单规定的固定公式、数据类型、尺寸和参数生成；结果标记为 internal_deterministic。外部文件复核使用 data/ 下与该函数数据类型匹配的文件，并记录具体文件名。	以对应模块程序内置尺寸和参数为准	ITK_ENABLE_MIXED_PRECISION=OFF	ITK_ENABLE_MIXED_PRECISION=ON；ITK_HIP_PRECISION_MODE=fp32_fp64
26	Filtering/ImageGrid	BSplineUpsampleImageFilter	并行	65.190924514	0	DCU 混精加速比 > 1 且 DCU 混精误差 max_abs <= 1e-5	hip_image_grid_benchmark / hip_imagegrid2_benchmark / hip_imagegrid3_benchmark	固定图像与采样/变换参数；比较像素、坐标和尺寸结果	标准回归输入：按清单规定的固定公式、数据类型、尺寸和参数生成；结果标记为 internal_deterministic。外部文件复核使用 data/ 下与该函数数据类型匹配的文件，并记录具体文件名。	以对应模块程序内置尺寸和参数为准	ITK_ENABLE_MIXED_PRECISION=OFF	ITK_ENABLE_MIXED_PRECISION=ON；ITK_HIP_PRECISION_MODE=fp32_fp64
27	Filtering/ImageGrid	CyclicShiftImageFilter	并行	2.61415659353	0	DCU 混精加速比 > 1 且 DCU 混精误差 max_abs <= 1e-5	hip_image_grid_benchmark / hip_imagegrid2_benchmark / hip_imagegrid3_benchmark	固定图像与采样/变换参数；比较像素、坐标和尺寸结果	标准回归输入：按清单规定的固定公式、数据类型、尺寸和参数生成；结果标记为 internal_deterministic。外部文件复核使用 data/ 下与该函数数据类型匹配的文件，并记录具体文件名。	以对应模块程序内置尺寸和参数为准	ITK_ENABLE_MIXED_PRECISION=OFF	ITK_ENABLE_MIXED_PRECISION=ON；ITK_HIP_PRECISION_MODE=fp32_fp64
28	Filtering/ImageGrid	ExpandImageFilter	并行	7.5284571171	0	DCU 混精加速比 > 1 且 DCU 混精误差 max_abs <= 1e-5	hip_image_grid_benchmark / hip_imagegrid2_benchmark / hip_imagegrid3_benchmark	固定图像与采样/变换参数；比较像素、坐标和尺寸结果	标准回归输入：按清单规定的固定公式、数据类型、尺寸和参数生成；结果标记为 internal_deterministic。外部文件复核使用 data/ 下与该函数数据类型匹配的文件，并记录具体文件名。	以对应模块程序内置尺寸和参数为准	ITK_ENABLE_MIXED_PRECISION=OFF	ITK_ENABLE_MIXED_PRECISION=ON；ITK_HIP_PRECISION_MODE=fp32_fp64
29	Filtering/ImageGrid	PermuteAxesImageFilter	并行	7.08140608071	0	DCU 混精加速比 > 1 且 DCU 混精误差 max_abs <= 1e-5	hip_image_grid_benchmark / hip_imagegrid2_benchmark / hip_imagegrid3_benchmark	固定图像与采样/变换参数；比较像素、坐标和尺寸结果	标准回归输入：按清单规定的固定公式、数据类型、尺寸和参数生成；结果标记为 internal_deterministic。外部文件复核使用 data/ 下与该函数数据类型匹配的文件，并记录具体文件名。	以对应模块程序内置尺寸和参数为准	ITK_ENABLE_MIXED_PRECISION=OFF	ITK_ENABLE_MIXED_PRECISION=ON；ITK_HIP_PRECISION_MODE=fp32_fp64
30	Filtering/ImageGrid	SliceBySliceImageFilter	并行	2.14929690725	0	DCU 混精加速比 > 1 且 DCU 混精误差 max_abs <= 1e-5	hip_image_grid_benchmark / hip_imagegrid2_benchmark / hip_imagegrid3_benchmark	固定图像与采样/变换参数；比较像素、坐标和尺寸结果	标准回归输入：按清单规定的固定公式、数据类型、尺寸和参数生成；结果标记为 internal_deterministic。外部文件复核使用 data/ 下与该函数数据类型匹配的文件，并记录具体文件名。	以对应模块程序内置尺寸和参数为准	ITK_ENABLE_MIXED_PRECISION=OFF	ITK_ENABLE_MIXED_PRECISION=ON；ITK_HIP_PRECISION_MODE=fp32_fp64
31	Filtering/ImageGrid	TileImageFilter	并行	4.63477954583	0	DCU 混精加速比 > 1 且 DCU 混精误差 max_abs <= 1e-5	hip_image_grid_benchmark / hip_imagegrid2_benchmark / hip_imagegrid3_benchmark	固定图像与采样/变换参数；比较像素、坐标和尺寸结果	标准回归输入：按清单规定的固定公式、数据类型、尺寸和参数生成；结果标记为 internal_deterministic。外部文件复核使用 data/ 下与该函数数据类型匹配的文件，并记录具体文件名。	以对应模块程序内置尺寸和参数为准	ITK_ENABLE_MIXED_PRECISION=OFF	ITK_ENABLE_MIXED_PRECISION=ON；ITK_HIP_PRECISION_MODE=fp32_fp64
32	Filtering/ImageGrid	WarpImageFilter	并行	7.5391339225	0	DCU 混精加速比 > 1 且 DCU 混精误差 max_abs <= 1e-5	hip_image_grid_benchmark / hip_imagegrid2_benchmark / hip_imagegrid3_benchmark	固定图像与采样/变换参数；比较像素、坐标和尺寸结果	标准回归输入：按清单规定的固定公式、数据类型、尺寸和参数生成；结果标记为 internal_deterministic。外部文件复核使用 data/ 下与该函数数据类型匹配的文件，并记录具体文件名。	以对应模块程序内置尺寸和参数为准	ITK_ENABLE_MIXED_PRECISION=OFF	ITK_ENABLE_MIXED_PRECISION=ON；ITK_HIP_PRECISION_MODE=fp32_fp64
33	Filtering/ImageIntensity	AbsImageFilter	并行	1.012520283070963	0	DCU 混精加速比 > 1 且 DCU 混精误差 max_abs <= 1e-5	hip_image_intensity_benchmark / hip_image_intensity_remaining_benchmark	固定2D合成图像；CPU参考与Hip/DCU分别运行，比较误差并记录端到端墙钟	标准回归输入：按清单规定的固定公式、数据类型、尺寸和参数生成；结果标记为 internal_deterministic。外部文件复核使用 data/ 下与该函数数据类型匹配的文件，并记录具体文件名。	以对应模块程序内置尺寸和参数为准	ITK_ENABLE_MIXED_PRECISION=OFF	ITK_ENABLE_MIXED_PRECISION=ON；ITK_HIP_PRECISION_MODE=fp32_fp64
34	Filtering/ImageIntensity	AcosImageFilter	并行	15.38720383576292	8.886598146240487e-8	DCU 混精加速比 > 1 且 DCU 混精误差 max_abs <= 1e-5	hip_image_intensity_benchmark / hip_image_intensity_remaining_benchmark	固定2D合成图像；CPU参考与Hip/DCU分别运行，比较误差并记录端到端墙钟	标准回归输入：按清单规定的固定公式、数据类型、尺寸和参数生成；结果标记为 internal_deterministic。外部文件复核使用 data/ 下与该函数数据类型匹配的文件，并记录具体文件名。	以对应模块程序内置尺寸和参数为准	ITK_ENABLE_MIXED_PRECISION=OFF	ITK_ENABLE_MIXED_PRECISION=ON；ITK_HIP_PRECISION_MODE=fp32_fp64
35	Filtering/ImageIntensity	AsinImageFilter	并行	14.52404925681228	9.06816377543862e-8	DCU 混精加速比 > 1 且 DCU 混精误差 max_abs <= 1e-5	hip_image_intensity_benchmark / hip_image_intensity_remaining_benchmark	固定2D合成图像；CPU参考与Hip/DCU分别运行，比较误差并记录端到端墙钟	标准回归输入：按清单规定的固定公式、数据类型、尺寸和参数生成；结果标记为 internal_deterministic。外部文件复核使用 data/ 下与该函数数据类型匹配的文件，并记录具体文件名。	以对应模块程序内置尺寸和参数为准	ITK_ENABLE_MIXED_PRECISION=OFF	ITK_ENABLE_MIXED_PRECISION=ON；ITK_HIP_PRECISION_MODE=fp32_fp64
36	Filtering/ImageIntensity	Atan2ImageFilter	并行	38.88681244468038	8.016777519603835e-8	DCU 混精加速比 > 1 且 DCU 混精误差 max_abs <= 1e-5	hip_image_intensity_benchmark / hip_image_intensity_remaining_benchmark	固定2D合成图像；CPU参考与Hip/DCU分别运行，比较误差并记录端到端墙钟	标准回归输入：按清单规定的固定公式、数据类型、尺寸和参数生成；结果标记为 internal_deterministic。外部文件复核使用 data/ 下与该函数数据类型匹配的文件，并记录具体文件名。	以对应模块程序内置尺寸和参数为准	ITK_ENABLE_MIXED_PRECISION=OFF	ITK_ENABLE_MIXED_PRECISION=ON；ITK_HIP_PRECISION_MODE=fp32_fp64
37	Filtering/ImageIntensity	AtanImageFilter	并行	25.83920345814266	4.506131079384801e-8	DCU 混精加速比 > 1 且 DCU 混精误差 max_abs <= 1e-5	hip_image_intensity_benchmark / hip_image_intensity_remaining_benchmark	固定2D合成图像；CPU参考与Hip/DCU分别运行，比较误差并记录端到端墙钟	标准回归输入：按清单规定的固定公式、数据类型、尺寸和参数生成；结果标记为 internal_deterministic。外部文件复核使用 data/ 下与该函数数据类型匹配的文件，并记录具体文件名。	以对应模块程序内置尺寸和参数为准	ITK_ENABLE_MIXED_PRECISION=OFF	ITK_ENABLE_MIXED_PRECISION=ON；ITK_HIP_PRECISION_MODE=fp32_fp64
38	Filtering/ImageIntensity	BinaryMagnitudeImageFilter	并行	6.631314227397408	1.246448184666349e-7	DCU 混精加速比 > 1 且 DCU 混精误差 max_abs <= 1e-5	hip_image_intensity_benchmark / hip_image_intensity_remaining_benchmark	固定2D合成图像；CPU参考与Hip/DCU分别运行，比较误差并记录端到端墙钟	标准回归输入：按清单规定的固定公式、数据类型、尺寸和参数生成；结果标记为 internal_deterministic。外部文件复核使用 data/ 下与该函数数据类型匹配的文件，并记录具体文件名。	以对应模块程序内置尺寸和参数为准	ITK_ENABLE_MIXED_PRECISION=OFF	ITK_ENABLE_MIXED_PRECISION=ON；ITK_HIP_PRECISION_MODE=fp32_fp64
39	Filtering/ImageIntensity	BoundedReciprocalImageFilter	并行	3.99755374958762	3.91718231185223e-8	DCU 混精加速比 > 1 且 DCU 混精误差 max_abs <= 1e-5	hip_image_intensity_benchmark / hip_image_intensity_remaining_benchmark	固定2D合成图像；CPU参考与Hip/DCU分别运行，比较误差并记录端到端墙钟	标准回归输入：按清单规定的固定公式、数据类型、尺寸和参数生成；结果标记为 internal_deterministic。外部文件复核使用 data/ 下与该函数数据类型匹配的文件，并记录具体文件名。	以对应模块程序内置尺寸和参数为准	ITK_ENABLE_MIXED_PRECISION=OFF	ITK_ENABLE_MIXED_PRECISION=ON；ITK_HIP_PRECISION_MODE=fp32_fp64
40	Filtering/ImageIntensity	ConstrainedValueAdditionImageFilter	并行	1.946839670241333	1.192092895507812e-7	DCU 混精加速比 > 1 且 DCU 混精误差 max_abs <= 1e-5	hip_image_intensity_benchmark / hip_image_intensity_remaining_benchmark	固定2D合成图像；CPU参考与Hip/DCU分别运行，比较误差并记录端到端墙钟	标准回归输入：按清单规定的固定公式、数据类型、尺寸和参数生成；结果标记为 internal_deterministic。外部文件复核使用 data/ 下与该函数数据类型匹配的文件，并记录具体文件名。	以对应模块程序内置尺寸和参数为准	ITK_ENABLE_MIXED_PRECISION=OFF	ITK_ENABLE_MIXED_PRECISION=ON；ITK_HIP_PRECISION_MODE=fp32_fp64
41	Filtering/ImageIntensity	ConstrainedValueDifferenceImageFilter	并行	1.493373671416533	1.192092895507812e-7	DCU 混精加速比 > 1 且 DCU 混精误差 max_abs <= 1e-5	hip_image_intensity_benchmark / hip_image_intensity_remaining_benchmark	固定2D合成图像；CPU参考与Hip/DCU分别运行，比较误差并记录端到端墙钟	标准回归输入：按清单规定的固定公式、数据类型、尺寸和参数生成；结果标记为 internal_deterministic。外部文件复核使用 data/ 下与该函数数据类型匹配的文件，并记录具体文件名。	以对应模块程序内置尺寸和参数为准	ITK_ENABLE_MIXED_PRECISION=OFF	ITK_ENABLE_MIXED_PRECISION=ON；ITK_HIP_PRECISION_MODE=fp32_fp64
42	Filtering/ImageIntensity	CosImageFilter	并行	14.19739887973813	4.282594745497192e-8	DCU 混精加速比 > 1 且 DCU 混精误差 max_abs <= 1e-5	hip_image_intensity_benchmark / hip_image_intensity_remaining_benchmark	固定2D合成图像；CPU参考与Hip/DCU分别运行，比较误差并记录端到端墙钟	标准回归输入：按清单规定的固定公式、数据类型、尺寸和参数生成；结果标记为 internal_deterministic。外部文件复核使用 data/ 下与该函数数据类型匹配的文件，并记录具体文件名。	以对应模块程序内置尺寸和参数为准	ITK_ENABLE_MIXED_PRECISION=OFF	ITK_ENABLE_MIXED_PRECISION=ON；ITK_HIP_PRECISION_MODE=fp32_fp64
43	Filtering/ImageIntensity	DivideImageFilter	并行	3.566641656935705	2.798885527788286e-7	DCU 混精加速比 > 1 且 DCU 混精误差 max_abs <= 1e-5	hip_image_intensity_benchmark / hip_image_intensity_remaining_benchmark	固定2D合成图像；CPU参考与Hip/DCU分别运行，比较误差并记录端到端墙钟	标准回归输入：按清单规定的固定公式、数据类型、尺寸和参数生成；结果标记为 internal_deterministic。外部文件复核使用 data/ 下与该函数数据类型匹配的文件，并记录具体文件名。	以对应模块程序内置尺寸和参数为准	ITK_ENABLE_MIXED_PRECISION=OFF	ITK_ENABLE_MIXED_PRECISION=ON；ITK_HIP_PRECISION_MODE=fp32_fp64
44	Filtering/ImageIntensity	DivideOrZeroOutImageFilter	并行	3.93113088541134	2.798885527788286e-7	DCU 混精加速比 > 1 且 DCU 混精误差 max_abs <= 1e-5	hip_image_intensity_benchmark / hip_image_intensity_remaining_benchmark	固定2D合成图像；CPU参考与Hip/DCU分别运行，比较误差并记录端到端墙钟	标准回归输入：按清单规定的固定公式、数据类型、尺寸和参数生成；结果标记为 internal_deterministic。外部文件复核使用 data/ 下与该函数数据类型匹配的文件，并记录具体文件名。	以对应模块程序内置尺寸和参数为准	ITK_ENABLE_MIXED_PRECISION=OFF	ITK_ENABLE_MIXED_PRECISION=ON；ITK_HIP_PRECISION_MODE=fp32_fp64
45	Filtering/ImageIntensity	EdgePotentialImageFilter	并行	19.15182481278288	4.678797849155814e-8	DCU 混精加速比 > 1 且 DCU 混精误差 max_abs <= 1e-5	hip_image_intensity_benchmark / hip_image_intensity_remaining_benchmark	固定2D合成图像；CPU参考与Hip/DCU分别运行，比较误差并记录端到端墙钟	标准回归输入：按清单规定的固定公式、数据类型、尺寸和参数生成；结果标记为 internal_deterministic。外部文件复核使用 data/ 下与该函数数据类型匹配的文件，并记录具体文件名。	以对应模块程序内置尺寸和参数为准	ITK_ENABLE_MIXED_PRECISION=OFF	ITK_ENABLE_MIXED_PRECISION=ON；ITK_HIP_PRECISION_MODE=fp32_fp64
46	Filtering/ImageIntensity	ExpImageFilter	并行	15.36216924531903	6.012917430631148e-8	DCU 混精加速比 > 1 且 DCU 混精误差 max_abs <= 1e-5	hip_image_intensity_benchmark / hip_image_intensity_remaining_benchmark	固定2D合成图像；CPU参考与Hip/DCU分别运行，比较误差并记录端到端墙钟	标准回归输入：按清单规定的固定公式、数据类型、尺寸和参数生成；结果标记为 internal_deterministic。外部文件复核使用 data/ 下与该函数数据类型匹配的文件，并记录具体文件名。	以对应模块程序内置尺寸和参数为准	ITK_ENABLE_MIXED_PRECISION=OFF	ITK_ENABLE_MIXED_PRECISION=ON；ITK_HIP_PRECISION_MODE=fp32_fp64
47	Filtering/ImageIntensity	ExpNegativeImageFilter	并行	23.72788389371728	2.94196638161992e-8	DCU 混精加速比 > 1 且 DCU 混精误差 max_abs <= 1e-5	hip_image_intensity_benchmark / hip_image_intensity_remaining_benchmark	固定2D合成图像；CPU参考与Hip/DCU分别运行，比较误差并记录端到端墙钟	标准回归输入：按清单规定的固定公式、数据类型、尺寸和参数生成；结果标记为 internal_deterministic。外部文件复核使用 data/ 下与该函数数据类型匹配的文件，并记录具体文件名。	以对应模块程序内置尺寸和参数为准	ITK_ENABLE_MIXED_PRECISION=OFF	ITK_ENABLE_MIXED_PRECISION=ON；ITK_HIP_PRECISION_MODE=fp32_fp64
48	Filtering/ImageIntensity	IntensityWindowingImageFilter	并行	1.217975780763334	2.384185826542762e-8	DCU 混精加速比 > 1 且 DCU 混精误差 max_abs <= 1e-5	hip_image_intensity_benchmark / hip_image_intensity_remaining_benchmark	固定2D合成图像；CPU参考与Hip/DCU分别运行，比较误差并记录端到端墙钟	标准回归输入：按清单规定的固定公式、数据类型、尺寸和参数生成；结果标记为 internal_deterministic。外部文件复核使用 data/ 下与该函数数据类型匹配的文件，并记录具体文件名。	以对应模块程序内置尺寸和参数为准	ITK_ENABLE_MIXED_PRECISION=OFF	ITK_ENABLE_MIXED_PRECISION=ON；ITK_HIP_PRECISION_MODE=fp32_fp64
49	Filtering/ImageIntensity	Log10ImageFilter	并行	26.57501166764524	4.85625504254017e-8	DCU 混精加速比 > 1 且 DCU 混精误差 max_abs <= 1e-5	hip_image_intensity_benchmark / hip_image_intensity_remaining_benchmark	固定2D合成图像；CPU参考与Hip/DCU分别运行，比较误差并记录端到端墙钟	标准回归输入：按清单规定的固定公式、数据类型、尺寸和参数生成；结果标记为 internal_deterministic。外部文件复核使用 data/ 下与该函数数据类型匹配的文件，并记录具体文件名。	以对应模块程序内置尺寸和参数为准	ITK_ENABLE_MIXED_PRECISION=OFF	ITK_ENABLE_MIXED_PRECISION=ON；ITK_HIP_PRECISION_MODE=fp32_fp64
50	Filtering/ImageIntensity	LogImageFilter	并行	20.35398800419338	1.14478664325901e-7	DCU 混精加速比 > 1 且 DCU 混精误差 max_abs <= 1e-5	hip_image_intensity_benchmark / hip_image_intensity_remaining_benchmark	固定2D合成图像；CPU参考与Hip/DCU分别运行，比较误差并记录端到端墙钟	标准回归输入：按清单规定的固定公式、数据类型、尺寸和参数生成；结果标记为 internal_deterministic。外部文件复核使用 data/ 下与该函数数据类型匹配的文件，并记录具体文件名。	以对应模块程序内置尺寸和参数为准	ITK_ENABLE_MIXED_PRECISION=OFF	ITK_ENABLE_MIXED_PRECISION=ON；ITK_HIP_PRECISION_MODE=fp32_fp64
51	Filtering/ImageIntensity	MultiplyImageFilter	并行	1.340266304132228	1.086624145107962e-7	DCU 混精加速比 > 1 且 DCU 混精误差 max_abs <= 1e-5	hip_image_intensity_benchmark / hip_image_intensity_remaining_benchmark	固定2D合成图像；CPU参考与Hip/DCU分别运行，比较误差并记录端到端墙钟	标准回归输入：按清单规定的固定公式、数据类型、尺寸和参数生成；结果标记为 internal_deterministic。外部文件复核使用 data/ 下与该函数数据类型匹配的文件，并记录具体文件名。	以对应模块程序内置尺寸和参数为准	ITK_ENABLE_MIXED_PRECISION=OFF	ITK_ENABLE_MIXED_PRECISION=ON；ITK_HIP_PRECISION_MODE=fp32_fp64
52	Filtering/ImageIntensity	NaryAddImageFilter	并行	5.205609280559512	2.609252929275385e-7	DCU 混精加速比 > 1 且 DCU 混精误差 max_abs <= 1e-5	hip_image_intensity_benchmark / hip_image_intensity_remaining_benchmark	固定2D合成图像；CPU参考与Hip/DCU分别运行，比较误差并记录端到端墙钟	标准回归输入：按清单规定的固定公式、数据类型、尺寸和参数生成；结果标记为 internal_deterministic。外部文件复核使用 data/ 下与该函数数据类型匹配的文件，并记录具体文件名。	以对应模块程序内置尺寸和参数为准	ITK_ENABLE_MIXED_PRECISION=OFF	ITK_ENABLE_MIXED_PRECISION=ON；ITK_HIP_PRECISION_MODE=fp32_fp64
53	Filtering/ImageIntensity	NaryMaximumImageFilter	并行	75.3977856233	0	DCU 混精加速比 > 1 且 DCU 混精误差 max_abs <= 1e-5	hip_image_intensity_benchmark / hip_image_intensity_remaining_benchmark	固定2D合成图像；CPU参考与Hip/DCU分别运行，比较误差并记录端到端墙钟	标准回归输入：按清单规定的固定公式、数据类型、尺寸和参数生成；结果标记为 internal_deterministic。外部文件复核使用 data/ 下与该函数数据类型匹配的文件，并记录具体文件名。	以对应模块程序内置尺寸和参数为准	ITK_ENABLE_MIXED_PRECISION=OFF	ITK_ENABLE_MIXED_PRECISION=ON；ITK_HIP_PRECISION_MODE=fp32_fp64
54	Filtering/ImageIntensity	NormalizeImageFilter	并行	15.72213379883966	1.721038584978629e-7	DCU 混精加速比 > 1 且 DCU 混精误差 max_abs <= 1e-5	hip_image_intensity_benchmark / hip_image_intensity_remaining_benchmark	固定2D合成图像；CPU参考与Hip/DCU分别运行，比较误差并记录端到端墙钟	标准回归输入：按清单规定的固定公式、数据类型、尺寸和参数生成；结果标记为 internal_deterministic。外部文件复核使用 data/ 下与该函数数据类型匹配的文件，并记录具体文件名。	以对应模块程序内置尺寸和参数为准	ITK_ENABLE_MIXED_PRECISION=OFF	ITK_ENABLE_MIXED_PRECISION=ON；ITK_HIP_PRECISION_MODE=fp32_fp64
55	Filtering/ImageIntensity	NormalizeToConstantImageFilter	并行	20.92282785294717	1.817417262961907e-12	DCU 混精加速比 > 1 且 DCU 混精误差 max_abs <= 1e-5	hip_image_intensity_benchmark / hip_image_intensity_remaining_benchmark	固定2D合成图像；CPU参考与Hip/DCU分别运行，比较误差并记录端到端墙钟	标准回归输入：按清单规定的固定公式、数据类型、尺寸和参数生成；结果标记为 internal_deterministic。外部文件复核使用 data/ 下与该函数数据类型匹配的文件，并记录具体文件名。	以对应模块程序内置尺寸和参数为准	ITK_ENABLE_MIXED_PRECISION=OFF	ITK_ENABLE_MIXED_PRECISION=ON；ITK_HIP_PRECISION_MODE=fp32_fp64
56	Filtering/ImageIntensity	PolylineMaskImageFilter	并行	10.5269512467	0	DCU 混精加速比 > 1 且 DCU 混精误差 max_abs <= 1e-5	hip_image_intensity_benchmark / hip_image_intensity_remaining_benchmark	固定2D合成图像；CPU参考与Hip/DCU分别运行，比较误差并记录端到端墙钟	标准回归输入：按清单规定的固定公式、数据类型、尺寸和参数生成；结果标记为 internal_deterministic。外部文件复核使用 data/ 下与该函数数据类型匹配的文件，并记录具体文件名。	以对应模块程序内置尺寸和参数为准	ITK_ENABLE_MIXED_PRECISION=OFF	ITK_ENABLE_MIXED_PRECISION=ON；ITK_HIP_PRECISION_MODE=fp32_fp64
57	Filtering/ImageIntensity	PowImageFilter	并行	53.59481651322361	7.729485806962089e-8	DCU 混精加速比 > 1 且 DCU 混精误差 max_abs <= 1e-5	hip_image_intensity_benchmark / hip_image_intensity_remaining_benchmark	固定2D合成图像；CPU参考与Hip/DCU分别运行，比较误差并记录端到端墙钟	标准回归输入：按清单规定的固定公式、数据类型、尺寸和参数生成；结果标记为 internal_deterministic。外部文件复核使用 data/ 下与该函数数据类型匹配的文件，并记录具体文件名。	以对应模块程序内置尺寸和参数为准	ITK_ENABLE_MIXED_PRECISION=OFF	ITK_ENABLE_MIXED_PRECISION=ON；ITK_HIP_PRECISION_MODE=fp32_fp64
58	Filtering/ImageIntensity	RGBToLuminanceImageFilter	并行	3.62314583894542	0.00000732421878524292	DCU 混精加速比 > 1 且 DCU 混精误差 max_abs <= 1e-5	hip_image_intensity_benchmark / hip_image_intensity_remaining_benchmark	固定2D合成图像；CPU参考与Hip/DCU分别运行，比较误差并记录端到端墙钟	标准回归输入：按清单规定的固定公式、数据类型、尺寸和参数生成；结果标记为 internal_deterministic。外部文件复核使用 data/ 下与该函数数据类型匹配的文件，并记录具体文件名。	以对应模块程序内置尺寸和参数为准	ITK_ENABLE_MIXED_PRECISION=OFF	ITK_ENABLE_MIXED_PRECISION=ON；ITK_HIP_PRECISION_MODE=fp32_fp64
59	Filtering/ImageIntensity	RescaleIntensityImageFilter	并行	8.568742399115534	1.798878919156977e-7	DCU 混精加速比 > 1 且 DCU 混精误差 max_abs <= 1e-5	hip_image_intensity_benchmark / hip_image_intensity_remaining_benchmark	固定2D合成图像；CPU参考与Hip/DCU分别运行，比较误差并记录端到端墙钟	标准回归输入：按清单规定的固定公式、数据类型、尺寸和参数生成；结果标记为 internal_deterministic。外部文件复核使用 data/ 下与该函数数据类型匹配的文件，并记录具体文件名。	以对应模块程序内置尺寸和参数为准	ITK_ENABLE_MIXED_PRECISION=OFF	ITK_ENABLE_MIXED_PRECISION=ON；ITK_HIP_PRECISION_MODE=fp32_fp64
60	Filtering/ImageIntensity	SigmoidImageFilter	并行	16.46954122760978	4.809622700108207e-8	DCU 混精加速比 > 1 且 DCU 混精误差 max_abs <= 1e-5	hip_image_intensity_benchmark / hip_image_intensity_remaining_benchmark	固定2D合成图像；CPU参考与Hip/DCU分别运行，比较误差并记录端到端墙钟	标准回归输入：按清单规定的固定公式、数据类型、尺寸和参数生成；结果标记为 internal_deterministic。外部文件复核使用 data/ 下与该函数数据类型匹配的文件，并记录具体文件名。	以对应模块程序内置尺寸和参数为准	ITK_ENABLE_MIXED_PRECISION=OFF	ITK_ENABLE_MIXED_PRECISION=ON；ITK_HIP_PRECISION_MODE=fp32_fp64
61	Filtering/ImageIntensity	SinImageFilter	并行	14.1955498755861	5.015871762381607e-8	DCU 混精加速比 > 1 且 DCU 混精误差 max_abs <= 1e-5	hip_image_intensity_benchmark / hip_image_intensity_remaining_benchmark	固定2D合成图像；CPU参考与Hip/DCU分别运行，比较误差并记录端到端墙钟	标准回归输入：按清单规定的固定公式、数据类型、尺寸和参数生成；结果标记为 internal_deterministic。外部文件复核使用 data/ 下与该函数数据类型匹配的文件，并记录具体文件名。	以对应模块程序内置尺寸和参数为准	ITK_ENABLE_MIXED_PRECISION=OFF	ITK_ENABLE_MIXED_PRECISION=ON；ITK_HIP_PRECISION_MODE=fp32_fp64
62	Filtering/ImageIntensity	SqrtImageFilter	并行	7.738300542989153	0.000003814693386061663	DCU 混精加速比 > 1 且 DCU 混精误差 max_abs <= 1e-5	hip_image_intensity_benchmark / hip_image_intensity_remaining_benchmark	固定2D合成图像；CPU参考与Hip/DCU分别运行，比较误差并记录端到端墙钟	标准回归输入：按清单规定的固定公式、数据类型、尺寸和参数生成；结果标记为 internal_deterministic。外部文件复核使用 data/ 下与该函数数据类型匹配的文件，并记录具体文件名。	以对应模块程序内置尺寸和参数为准	ITK_ENABLE_MIXED_PRECISION=OFF	ITK_ENABLE_MIXED_PRECISION=ON；ITK_HIP_PRECISION_MODE=fp32_fp64
63	Filtering/ImageIntensity	SquareImageFilter	并行	1.018278308795724	4.242324841419176e-8	DCU 混精加速比 > 1 且 DCU 混精误差 max_abs <= 1e-5	hip_image_intensity_benchmark / hip_image_intensity_remaining_benchmark	固定2D合成图像；CPU参考与Hip/DCU分别运行，比较误差并记录端到端墙钟	标准回归输入：按清单规定的固定公式、数据类型、尺寸和参数生成；结果标记为 internal_deterministic。外部文件复核使用 data/ 下与该函数数据类型匹配的文件，并记录具体文件名。	以对应模块程序内置尺寸和参数为准	ITK_ENABLE_MIXED_PRECISION=OFF	ITK_ENABLE_MIXED_PRECISION=ON；ITK_HIP_PRECISION_MODE=fp32_fp64
64	Filtering/ImageIntensity	SubtractImageFilter	并行	1.362272942297145	1.037597655573208e-7	DCU 混精加速比 > 1 且 DCU 混精误差 max_abs <= 1e-5	hip_image_intensity_benchmark / hip_image_intensity_remaining_benchmark	固定2D合成图像；CPU参考与Hip/DCU分别运行，比较误差并记录端到端墙钟	标准回归输入：按清单规定的固定公式、数据类型、尺寸和参数生成；结果标记为 internal_deterministic。外部文件复核使用 data/ 下与该函数数据类型匹配的文件，并记录具体文件名。	以对应模块程序内置尺寸和参数为准	ITK_ENABLE_MIXED_PRECISION=OFF	ITK_ENABLE_MIXED_PRECISION=ON；ITK_HIP_PRECISION_MODE=fp32_fp64
65	Filtering/ImageIntensity	TanImageFilter	并行	29.24323753536106	6.545972131011268e-8	DCU 混精加速比 > 1 且 DCU 混精误差 max_abs <= 1e-5	hip_image_intensity_benchmark / hip_image_intensity_remaining_benchmark	固定2D合成图像；CPU参考与Hip/DCU分别运行，比较误差并记录端到端墙钟	标准回归输入：按清单规定的固定公式、数据类型、尺寸和参数生成；结果标记为 internal_deterministic。外部文件复核使用 data/ 下与该函数数据类型匹配的文件，并记录具体文件名。	以对应模块程序内置尺寸和参数为准	ITK_ENABLE_MIXED_PRECISION=OFF	ITK_ENABLE_MIXED_PRECISION=ON；ITK_HIP_PRECISION_MODE=fp32_fp64
66	Filtering/ImageIntensity	TernaryAddImageFilter	并行	3.993583962399136	2.609252929275385e-7	DCU 混精加速比 > 1 且 DCU 混精误差 max_abs <= 1e-5	hip_image_intensity_benchmark / hip_image_intensity_remaining_benchmark	固定2D合成图像；CPU参考与Hip/DCU分别运行，比较误差并记录端到端墙钟	标准回归输入：按清单规定的固定公式、数据类型、尺寸和参数生成；结果标记为 internal_deterministic。外部文件复核使用 data/ 下与该函数数据类型匹配的文件，并记录具体文件名。	以对应模块程序内置尺寸和参数为准	ITK_ENABLE_MIXED_PRECISION=OFF	ITK_ENABLE_MIXED_PRECISION=ON；ITK_HIP_PRECISION_MODE=fp32_fp64
67	Filtering/ImageIntensity	TernaryMagnitudeImageFilter	并行	8.455406544879235	1.763524686282381e-7	DCU 混精加速比 > 1 且 DCU 混精误差 max_abs <= 1e-5	hip_image_intensity_benchmark / hip_image_intensity_remaining_benchmark	固定2D合成图像；CPU参考与Hip/DCU分别运行，比较误差并记录端到端墙钟	标准回归输入：按清单规定的固定公式、数据类型、尺寸和参数生成；结果标记为 internal_deterministic。外部文件复核使用 data/ 下与该函数数据类型匹配的文件，并记录具体文件名。	以对应模块程序内置尺寸和参数为准	ITK_ENABLE_MIXED_PRECISION=OFF	ITK_ENABLE_MIXED_PRECISION=ON；ITK_HIP_PRECISION_MODE=fp32_fp64
68	Filtering/ImageIntensity	TernaryMagnitudeSquaredImageFilter	并行	3.990679406135512	5.299157708194002e-7	DCU 混精加速比 > 1 且 DCU 混精误差 max_abs <= 1e-5	hip_image_intensity_benchmark / hip_image_intensity_remaining_benchmark	固定2D合成图像；CPU参考与Hip/DCU分别运行，比较误差并记录端到端墙钟	标准回归输入：按清单规定的固定公式、数据类型、尺寸和参数生成；结果标记为 internal_deterministic。外部文件复核使用 data/ 下与该函数数据类型匹配的文件，并记录具体文件名。	以对应模块程序内置尺寸和参数为准	ITK_ENABLE_MIXED_PRECISION=OFF	ITK_ENABLE_MIXED_PRECISION=ON；ITK_HIP_PRECISION_MODE=fp32_fp64
69	Filtering/ImageLabel	BinaryContourImageFilter	并行	4.48746427585	0	DCU 混精加速比 > 1 且 DCU 混精误差 max_abs <= 1e-5	hip_image_label_benchmark / hip_image_label_correctness_test	固定2D合成图像；CPU参考与Hip/DCU分别运行，比较误差并记录端到端墙钟	标准回归输入：按清单规定的固定公式、数据类型、尺寸和参数生成；结果标记为 internal_deterministic。外部文件复核使用 data/ 下与该函数数据类型匹配的文件，并记录具体文件名。	以对应模块程序内置尺寸和参数为准	ITK_ENABLE_MIXED_PRECISION=OFF	ITK_ENABLE_MIXED_PRECISION=ON；ITK_HIP_PRECISION_MODE=fp32_fp64
70	Filtering/ImageNoise	AdditiveGaussianNoiseImageFilter	并行	17.3828237577	0	DCU 混精加速比 > 1 且 DCU 混精误差 max_abs <= 1e-5	hip_image_noise_benchmark	固定随机seed；比较像素误差或统计量并记录端到端墙钟	标准回归输入：按清单规定的固定公式、数据类型、尺寸和参数生成；结果标记为 internal_deterministic。外部文件复核使用 data/ 下与该函数数据类型匹配的文件，并记录具体文件名。	通常512x512	ITK_ENABLE_MIXED_PRECISION=OFF	ITK_ENABLE_MIXED_PRECISION=ON；ITK_HIP_PRECISION_MODE=fp32_fp64
71	Filtering/ImageNoise	SaltAndPepperNoiseImageFilter	并行	23.0597022874	0	DCU 混精加速比 > 1 且 DCU 混精误差 max_abs <= 1e-5	hip_image_noise_benchmark	固定随机seed；比较像素误差或统计量并记录端到端墙钟	标准回归输入：按清单规定的固定公式、数据类型、尺寸和参数生成；结果标记为 internal_deterministic。外部文件复核使用 data/ 下与该函数数据类型匹配的文件，并记录具体文件名。	通常512x512	ITK_ENABLE_MIXED_PRECISION=OFF	ITK_ENABLE_MIXED_PRECISION=ON；ITK_HIP_PRECISION_MODE=fp32_fp64
72	Filtering/ImageNoise	ShotNoiseImageFilter	并行	31.2746388248	0	DCU 混精加速比 > 1 且 DCU 混精误差 max_abs <= 1e-5	hip_image_noise_benchmark	固定随机seed；比较像素误差或统计量并记录端到端墙钟	标准回归输入：按清单规定的固定公式、数据类型、尺寸和参数生成；结果标记为 internal_deterministic。外部文件复核使用 data/ 下与该函数数据类型匹配的文件，并记录具体文件名。	通常512x512	ITK_ENABLE_MIXED_PRECISION=OFF	ITK_ENABLE_MIXED_PRECISION=ON；ITK_HIP_PRECISION_MODE=fp32_fp64
73	Filtering/ImageNoise	SpeckleNoiseImageFilter	并行	177.253117409	0	DCU 混精加速比 > 1 且 DCU 混精误差 max_abs <= 1e-5	hip_image_noise_benchmark	固定随机seed；比较像素误差或统计量并记录端到端墙钟	标准回归输入：按清单规定的固定公式、数据类型、尺寸和参数生成；结果标记为 internal_deterministic。外部文件复核使用 data/ 下与该函数数据类型匹配的文件，并记录具体文件名。	通常512x512	ITK_ENABLE_MIXED_PRECISION=OFF	ITK_ENABLE_MIXED_PRECISION=ON；ITK_HIP_PRECISION_MODE=fp32_fp64
74	Filtering/ImageSources	GridImageSource	并行	2.78449685237	0	DCU 混精加速比 > 1 且 DCU 混精误差 max_abs <= 1e-5	hip_image_sources_benchmark / hip_image_sources_test	固定参数生成源图；比较输出和端到端墙钟	标准回归输入：按清单规定的固定公式、数据类型、尺寸和参数生成；结果标记为 internal_deterministic。外部文件复核使用 data/ 下与该函数数据类型匹配的文件，并记录具体文件名。	以对应模块程序内置尺寸和参数为准	ITK_ENABLE_MIXED_PRECISION=OFF	ITK_ENABLE_MIXED_PRECISION=ON；ITK_HIP_PRECISION_MODE=fp32_fp64
75	Filtering/ImageStatistics	AdaptiveHistogramEqualizationImageFilter	并行	12.866408767	0.00000986657933684	DCU 混精加速比 > 1 且 DCU 混精误差 max_abs <= 1e-5	hip_image_statistics_benchmark / hip_image_statistics_test	固定标量2D输入；比较统计量或投影结果和端到端墙钟	标准回归输入：按清单规定的固定公式、数据类型、尺寸和参数生成；结果标记为 internal_deterministic。外部文件复核使用 data/ 下与该函数数据类型匹配的文件，并记录具体文件名。	以对应模块程序内置尺寸和参数为准	ITK_ENABLE_MIXED_PRECISION=OFF	ITK_ENABLE_MIXED_PRECISION=ON；ITK_HIP_PRECISION_MODE=fp32_fp64
76	Filtering/ImageStatistics	GetAverageSliceImageFilter	并行	16.72061546668673	0	DCU 混精加速比 > 1 且 DCU 混精误差 max_abs <= 1e-5	hip_image_statistics_benchmark / hip_image_statistics_test	固定标量2D输入；比较统计量或投影结果和端到端墙钟	标准回归输入：按清单规定的固定公式、数据类型、尺寸和参数生成；结果标记为 internal_deterministic。外部文件复核使用 data/ 下与该函数数据类型匹配的文件，并记录具体文件名。	以对应模块程序内置尺寸和参数为准	ITK_ENABLE_MIXED_PRECISION=OFF	ITK_ENABLE_MIXED_PRECISION=ON；ITK_HIP_PRECISION_MODE=fp32_fp64
77	Filtering/MathematicalMorphology	AnchorCloseImageFilter	并行	174.564602789	0	DCU 混精加速比 > 1 且 DCU 混精误差 max_abs <= 1e-5	hip_mathematical_morphology_benchmark	固定标量、二值或标签2D输入；比较一致性、拓扑和端到端墙钟	标准回归输入：按清单规定的固定公式、数据类型、尺寸和参数生成；结果标记为 internal_deterministic。外部文件复核使用 data/ 下与该函数数据类型匹配的文件，并记录具体文件名。	以对应模块程序内置尺寸和参数为准	ITK_ENABLE_MIXED_PRECISION=OFF	ITK_ENABLE_MIXED_PRECISION=ON；ITK_HIP_PRECISION_MODE=fp32_fp64
78	Filtering/MathematicalMorphology	AnchorDilateImageFilter	并行	307.099103528	0	DCU 混精加速比 > 1 且 DCU 混精误差 max_abs <= 1e-5	hip_mathematical_morphology_benchmark	固定标量、二值或标签2D输入；比较一致性、拓扑和端到端墙钟	标准回归输入：按清单规定的固定公式、数据类型、尺寸和参数生成；结果标记为 internal_deterministic。外部文件复核使用 data/ 下与该函数数据类型匹配的文件，并记录具体文件名。	以对应模块程序内置尺寸和参数为准	ITK_ENABLE_MIXED_PRECISION=OFF	ITK_ENABLE_MIXED_PRECISION=ON；ITK_HIP_PRECISION_MODE=fp32_fp64
79	Filtering/MathematicalMorphology	AnchorErodeImageFilter	并行	534.783389157	0	DCU 混精加速比 > 1 且 DCU 混精误差 max_abs <= 1e-5	hip_mathematical_morphology_benchmark	固定标量、二值或标签2D输入；比较一致性、拓扑和端到端墙钟	标准回归输入：按清单规定的固定公式、数据类型、尺寸和参数生成；结果标记为 internal_deterministic。外部文件复核使用 data/ 下与该函数数据类型匹配的文件，并记录具体文件名。	以对应模块程序内置尺寸和参数为准	ITK_ENABLE_MIXED_PRECISION=OFF	ITK_ENABLE_MIXED_PRECISION=ON；ITK_HIP_PRECISION_MODE=fp32_fp64
80	Filtering/MathematicalMorphology	AnchorOpenImageFilter	并行	220.871247079	0	DCU 混精加速比 > 1 且 DCU 混精误差 max_abs <= 1e-5	hip_mathematical_morphology_benchmark	固定标量、二值或标签2D输入；比较一致性、拓扑和端到端墙钟	标准回归输入：按清单规定的固定公式、数据类型、尺寸和参数生成；结果标记为 internal_deterministic。外部文件复核使用 data/ 下与该函数数据类型匹配的文件，并记录具体文件名。	以对应模块程序内置尺寸和参数为准	ITK_ENABLE_MIXED_PRECISION=OFF	ITK_ENABLE_MIXED_PRECISION=ON；ITK_HIP_PRECISION_MODE=fp32_fp64
81	Filtering/MathematicalMorphology	BasicDilateImageFilter	并行	197.043619743	0	DCU 混精加速比 > 1 且 DCU 混精误差 max_abs <= 1e-5	hip_mathematical_morphology_benchmark	固定标量、二值或标签2D输入；比较一致性、拓扑和端到端墙钟	标准回归输入：按清单规定的固定公式、数据类型、尺寸和参数生成；结果标记为 internal_deterministic。外部文件复核使用 data/ 下与该函数数据类型匹配的文件，并记录具体文件名。	以对应模块程序内置尺寸和参数为准	ITK_ENABLE_MIXED_PRECISION=OFF	ITK_ENABLE_MIXED_PRECISION=ON；ITK_HIP_PRECISION_MODE=fp32_fp64
82	Filtering/MathematicalMorphology	BasicErodeImageFilter	并行	191.838644761	0	DCU 混精加速比 > 1 且 DCU 混精误差 max_abs <= 1e-5	hip_mathematical_morphology_benchmark	固定标量、二值或标签2D输入；比较一致性、拓扑和端到端墙钟	标准回归输入：按清单规定的固定公式、数据类型、尺寸和参数生成；结果标记为 internal_deterministic。外部文件复核使用 data/ 下与该函数数据类型匹配的文件，并记录具体文件名。	以对应模块程序内置尺寸和参数为准	ITK_ENABLE_MIXED_PRECISION=OFF	ITK_ENABLE_MIXED_PRECISION=ON；ITK_HIP_PRECISION_MODE=fp32_fp64
83	Filtering/MathematicalMorphology	BlackTopHatImageFilter	并行	102.269150067	0	DCU 混精加速比 > 1 且 DCU 混精误差 max_abs <= 1e-5	hip_mathematical_morphology_benchmark	固定标量、二值或标签2D输入；比较一致性、拓扑和端到端墙钟	标准回归输入：按清单规定的固定公式、数据类型、尺寸和参数生成；结果标记为 internal_deterministic。外部文件复核使用 data/ 下与该函数数据类型匹配的文件，并记录具体文件名。	以对应模块程序内置尺寸和参数为准	ITK_ENABLE_MIXED_PRECISION=OFF	ITK_ENABLE_MIXED_PRECISION=ON；ITK_HIP_PRECISION_MODE=fp32_fp64
84	Filtering/MathematicalMorphology	DoubleThresholdImageFilter	并行	241.097846855	0	DCU 混精加速比 > 1 且 DCU 混精误差 max_abs <= 1e-5	hip_mathematical_morphology_benchmark	固定标量、二值或标签2D输入；比较一致性、拓扑和端到端墙钟	标准回归输入：按清单规定的固定公式、数据类型、尺寸和参数生成；结果标记为 internal_deterministic。外部文件复核使用 data/ 下与该函数数据类型匹配的文件，并记录具体文件名。	以对应模块程序内置尺寸和参数为准	ITK_ENABLE_MIXED_PRECISION=OFF	ITK_ENABLE_MIXED_PRECISION=ON；ITK_HIP_PRECISION_MODE=fp32_fp64
85	Filtering/MathematicalMorphology	GrayscaleConnectedClosingImageFilter	并行	31.6003592077	0	DCU 混精加速比 > 1 且 DCU 混精误差 max_abs <= 1e-5	hip_mathematical_morphology_benchmark	固定标量、二值或标签2D输入；比较一致性、拓扑和端到端墙钟	标准回归输入：按清单规定的固定公式、数据类型、尺寸和参数生成；结果标记为 internal_deterministic。外部文件复核使用 data/ 下与该函数数据类型匹配的文件，并记录具体文件名。	以对应模块程序内置尺寸和参数为准	ITK_ENABLE_MIXED_PRECISION=OFF	ITK_ENABLE_MIXED_PRECISION=ON；ITK_HIP_PRECISION_MODE=fp32_fp64
86	Filtering/MathematicalMorphology	GrayscaleConnectedOpeningImageFilter	并行	39.9385844001	0	DCU 混精加速比 > 1 且 DCU 混精误差 max_abs <= 1e-5	hip_mathematical_morphology_benchmark	固定标量、二值或标签2D输入；比较一致性、拓扑和端到端墙钟	标准回归输入：按清单规定的固定公式、数据类型、尺寸和参数生成；结果标记为 internal_deterministic。外部文件复核使用 data/ 下与该函数数据类型匹配的文件，并记录具体文件名。	以对应模块程序内置尺寸和参数为准	ITK_ENABLE_MIXED_PRECISION=OFF	ITK_ENABLE_MIXED_PRECISION=ON；ITK_HIP_PRECISION_MODE=fp32_fp64
87	Filtering/MathematicalMorphology	GrayscaleDilateImageFilter	并行	201.60577282	0	DCU 混精加速比 > 1 且 DCU 混精误差 max_abs <= 1e-5	hip_mathematical_morphology_benchmark	固定标量、二值或标签2D输入；比较一致性、拓扑和端到端墙钟	标准回归输入：按清单规定的固定公式、数据类型、尺寸和参数生成；结果标记为 internal_deterministic。外部文件复核使用 data/ 下与该函数数据类型匹配的文件，并记录具体文件名。	以对应模块程序内置尺寸和参数为准	ITK_ENABLE_MIXED_PRECISION=OFF	ITK_ENABLE_MIXED_PRECISION=ON；ITK_HIP_PRECISION_MODE=fp32_fp64
88	Filtering/MathematicalMorphology	GrayscaleErodeImageFilter	并行	191.405624183	0	DCU 混精加速比 > 1 且 DCU 混精误差 max_abs <= 1e-5	hip_mathematical_morphology_benchmark	固定标量、二值或标签2D输入；比较一致性、拓扑和端到端墙钟	标准回归输入：按清单规定的固定公式、数据类型、尺寸和参数生成；结果标记为 internal_deterministic。外部文件复核使用 data/ 下与该函数数据类型匹配的文件，并记录具体文件名。	以对应模块程序内置尺寸和参数为准	ITK_ENABLE_MIXED_PRECISION=OFF	ITK_ENABLE_MIXED_PRECISION=ON；ITK_HIP_PRECISION_MODE=fp32_fp64
89	Filtering/MathematicalMorphology	GrayscaleFunctionDilateImageFilter	并行	206.441662986	0	DCU 混精加速比 > 1 且 DCU 混精误差 max_abs <= 1e-5	hip_mathematical_morphology_benchmark	固定标量、二值或标签2D输入；比较一致性、拓扑和端到端墙钟	标准回归输入：按清单规定的固定公式、数据类型、尺寸和参数生成；结果标记为 internal_deterministic。外部文件复核使用 data/ 下与该函数数据类型匹配的文件，并记录具体文件名。	以对应模块程序内置尺寸和参数为准	ITK_ENABLE_MIXED_PRECISION=OFF	ITK_ENABLE_MIXED_PRECISION=ON；ITK_HIP_PRECISION_MODE=fp32_fp64
90	Filtering/MathematicalMorphology	GrayscaleFunctionErodeImageFilter	并行	194.893566214	0	DCU 混精加速比 > 1 且 DCU 混精误差 max_abs <= 1e-5	hip_mathematical_morphology_benchmark	固定标量、二值或标签2D输入；比较一致性、拓扑和端到端墙钟	标准回归输入：按清单规定的固定公式、数据类型、尺寸和参数生成；结果标记为 internal_deterministic。外部文件复核使用 data/ 下与该函数数据类型匹配的文件，并记录具体文件名。	以对应模块程序内置尺寸和参数为准	ITK_ENABLE_MIXED_PRECISION=OFF	ITK_ENABLE_MIXED_PRECISION=ON；ITK_HIP_PRECISION_MODE=fp32_fp64
91	Filtering/MathematicalMorphology	GrayscaleGeodesicDilateImageFilter	并行	962.753193479	0	DCU 混精加速比 > 1 且 DCU 混精误差 max_abs <= 1e-5	hip_mathematical_morphology_benchmark	固定标量、二值或标签2D输入；比较一致性、拓扑和端到端墙钟	标准回归输入：按清单规定的固定公式、数据类型、尺寸和参数生成；结果标记为 internal_deterministic。外部文件复核使用 data/ 下与该函数数据类型匹配的文件，并记录具体文件名。	以对应模块程序内置尺寸和参数为准	ITK_ENABLE_MIXED_PRECISION=OFF	ITK_ENABLE_MIXED_PRECISION=ON；ITK_HIP_PRECISION_MODE=fp32_fp64
92	Filtering/MathematicalMorphology	GrayscaleGeodesicErodeImageFilter	并行	826.587747129	0	DCU 混精加速比 > 1 且 DCU 混精误差 max_abs <= 1e-5	hip_mathematical_morphology_benchmark	固定标量、二值或标签2D输入；比较一致性、拓扑和端到端墙钟	标准回归输入：按清单规定的固定公式、数据类型、尺寸和参数生成；结果标记为 internal_deterministic。外部文件复核使用 data/ 下与该函数数据类型匹配的文件，并记录具体文件名。	以对应模块程序内置尺寸和参数为准	ITK_ENABLE_MIXED_PRECISION=OFF	ITK_ENABLE_MIXED_PRECISION=ON；ITK_HIP_PRECISION_MODE=fp32_fp64
93	Filtering/MathematicalMorphology	GrayscaleMorphologicalClosingImageFilter	并行	122.609531474	0	DCU 混精加速比 > 1 且 DCU 混精误差 max_abs <= 1e-5	hip_mathematical_morphology_benchmark	固定标量、二值或标签2D输入；比较一致性、拓扑和端到端墙钟	标准回归输入：按清单规定的固定公式、数据类型、尺寸和参数生成；结果标记为 internal_deterministic。外部文件复核使用 data/ 下与该函数数据类型匹配的文件，并记录具体文件名。	以对应模块程序内置尺寸和参数为准	ITK_ENABLE_MIXED_PRECISION=OFF	ITK_ENABLE_MIXED_PRECISION=ON；ITK_HIP_PRECISION_MODE=fp32_fp64
94	Filtering/MathematicalMorphology	GrayscaleMorphologicalOpeningImageFilter	并行	125.539437467	0	DCU 混精加速比 > 1 且 DCU 混精误差 max_abs <= 1e-5	hip_mathematical_morphology_benchmark	固定标量、二值或标签2D输入；比较一致性、拓扑和端到端墙钟	标准回归输入：按清单规定的固定公式、数据类型、尺寸和参数生成；结果标记为 internal_deterministic。外部文件复核使用 data/ 下与该函数数据类型匹配的文件，并记录具体文件名。	以对应模块程序内置尺寸和参数为准	ITK_ENABLE_MIXED_PRECISION=OFF	ITK_ENABLE_MIXED_PRECISION=ON；ITK_HIP_PRECISION_MODE=fp32_fp64
95	Filtering/MathematicalMorphology	MaskedMovingHistogramImageFilter	并行	455.075831974	0	DCU 混精加速比 > 1 且 DCU 混精误差 max_abs <= 1e-5	hip_mathematical_morphology_benchmark	固定标量、二值或标签2D输入；比较一致性、拓扑和端到端墙钟	标准回归输入：按清单规定的固定公式、数据类型、尺寸和参数生成；结果标记为 internal_deterministic。外部文件复核使用 data/ 下与该函数数据类型匹配的文件，并记录具体文件名。	以对应模块程序内置尺寸和参数为准	ITK_ENABLE_MIXED_PRECISION=OFF	ITK_ENABLE_MIXED_PRECISION=ON；ITK_HIP_PRECISION_MODE=fp32_fp64
96	Filtering/MathematicalMorphology	MaskedRankImageFilter	并行	455.075831974	0	DCU 混精加速比 > 1 且 DCU 混精误差 max_abs <= 1e-5	hip_mathematical_morphology_benchmark	固定标量、二值或标签2D输入；比较一致性、拓扑和端到端墙钟	标准回归输入：按清单规定的固定公式、数据类型、尺寸和参数生成；结果标记为 internal_deterministic。外部文件复核使用 data/ 下与该函数数据类型匹配的文件，并记录具体文件名。	以对应模块程序内置尺寸和参数为准	ITK_ENABLE_MIXED_PRECISION=OFF	ITK_ENABLE_MIXED_PRECISION=ON；ITK_HIP_PRECISION_MODE=fp32_fp64
97	Filtering/MathematicalMorphology	MorphologicalGradientImageFilter	并行	146.733520597	0	DCU 混精加速比 > 1 且 DCU 混精误差 max_abs <= 1e-5	hip_mathematical_morphology_benchmark	固定标量、二值或标签2D输入；比较一致性、拓扑和端到端墙钟	标准回归输入：按清单规定的固定公式、数据类型、尺寸和参数生成；结果标记为 internal_deterministic。外部文件复核使用 data/ 下与该函数数据类型匹配的文件，并记录具体文件名。	以对应模块程序内置尺寸和参数为准	ITK_ENABLE_MIXED_PRECISION=OFF	ITK_ENABLE_MIXED_PRECISION=ON；ITK_HIP_PRECISION_MODE=fp32_fp64
98	Filtering/MathematicalMorphology	MovingHistogramDilateImageFilter	并行	1453.96019653	0	DCU 混精加速比 > 1 且 DCU 混精误差 max_abs <= 1e-5	hip_mathematical_morphology_benchmark	固定标量、二值或标签2D输入；比较一致性、拓扑和端到端墙钟	标准回归输入：按清单规定的固定公式、数据类型、尺寸和参数生成；结果标记为 internal_deterministic。外部文件复核使用 data/ 下与该函数数据类型匹配的文件，并记录具体文件名。	以对应模块程序内置尺寸和参数为准	ITK_ENABLE_MIXED_PRECISION=OFF	ITK_ENABLE_MIXED_PRECISION=ON；ITK_HIP_PRECISION_MODE=fp32_fp64
99	Filtering/MathematicalMorphology	MovingHistogramErodeImageFilter	并行	1419.86280354	0	DCU 混精加速比 > 1 且 DCU 混精误差 max_abs <= 1e-5	hip_mathematical_morphology_benchmark	固定标量、二值或标签2D输入；比较一致性、拓扑和端到端墙钟	标准回归输入：按清单规定的固定公式、数据类型、尺寸和参数生成；结果标记为 internal_deterministic。外部文件复核使用 data/ 下与该函数数据类型匹配的文件，并记录具体文件名。	以对应模块程序内置尺寸和参数为准	ITK_ENABLE_MIXED_PRECISION=OFF	ITK_ENABLE_MIXED_PRECISION=ON；ITK_HIP_PRECISION_MODE=fp32_fp64
100	Filtering/MathematicalMorphology	MovingHistogramMorphologicalGradientImageFilter	并行	1638.42258468	0	DCU 混精加速比 > 1 且 DCU 混精误差 max_abs <= 1e-5	hip_mathematical_morphology_benchmark	固定标量、二值或标签2D输入；比较一致性、拓扑和端到端墙钟	标准回归输入：按清单规定的固定公式、数据类型、尺寸和参数生成；结果标记为 internal_deterministic。外部文件复核使用 data/ 下与该函数数据类型匹配的文件，并记录具体文件名。	以对应模块程序内置尺寸和参数为准	ITK_ENABLE_MIXED_PRECISION=OFF	ITK_ENABLE_MIXED_PRECISION=ON；ITK_HIP_PRECISION_MODE=fp32_fp64
101	Filtering/MathematicalMorphology	RankImageFilter	并行	1303.95379114	0	DCU 混精加速比 > 1 且 DCU 混精误差 max_abs <= 1e-5	hip_mathematical_morphology_benchmark	固定标量、二值或标签2D输入；比较一致性、拓扑和端到端墙钟	标准回归输入：按清单规定的固定公式、数据类型、尺寸和参数生成；结果标记为 internal_deterministic。外部文件复核使用 data/ 下与该函数数据类型匹配的文件，并记录具体文件名。	以对应模块程序内置尺寸和参数为准	ITK_ENABLE_MIXED_PRECISION=OFF	ITK_ENABLE_MIXED_PRECISION=ON；ITK_HIP_PRECISION_MODE=fp32_fp64
102	Filtering/MathematicalMorphology	ReconstructionByDilationImageFilter	并行	131.718723392	0	DCU 混精加速比 > 1 且 DCU 混精误差 max_abs <= 1e-5	hip_mathematical_morphology_benchmark	固定标量、二值或标签2D输入；比较一致性、拓扑和端到端墙钟	标准回归输入：按清单规定的固定公式、数据类型、尺寸和参数生成；结果标记为 internal_deterministic。外部文件复核使用 data/ 下与该函数数据类型匹配的文件，并记录具体文件名。	以对应模块程序内置尺寸和参数为准	ITK_ENABLE_MIXED_PRECISION=OFF	ITK_ENABLE_MIXED_PRECISION=ON；ITK_HIP_PRECISION_MODE=fp32_fp64
103	Filtering/MathematicalMorphology	ReconstructionByErosionImageFilter	并行	134.776321929	0	DCU 混精加速比 > 1 且 DCU 混精误差 max_abs <= 1e-5	hip_mathematical_morphology_benchmark	固定标量、二值或标签2D输入；比较一致性、拓扑和端到端墙钟	标准回归输入：按清单规定的固定公式、数据类型、尺寸和参数生成；结果标记为 internal_deterministic。外部文件复核使用 data/ 下与该函数数据类型匹配的文件，并记录具体文件名。	以对应模块程序内置尺寸和参数为准	ITK_ENABLE_MIXED_PRECISION=OFF	ITK_ENABLE_MIXED_PRECISION=ON；ITK_HIP_PRECISION_MODE=fp32_fp64
104	Filtering/MathematicalMorphology	VanHerkGilWermanDilateImageFilter	并行	121.813532285	0	DCU 混精加速比 > 1 且 DCU 混精误差 max_abs <= 1e-5	hip_mathematical_morphology_benchmark	固定标量、二值或标签2D输入；比较一致性、拓扑和端到端墙钟	标准回归输入：按清单规定的固定公式、数据类型、尺寸和参数生成；结果标记为 internal_deterministic。外部文件复核使用 data/ 下与该函数数据类型匹配的文件，并记录具体文件名。	以对应模块程序内置尺寸和参数为准	ITK_ENABLE_MIXED_PRECISION=OFF	ITK_ENABLE_MIXED_PRECISION=ON；ITK_HIP_PRECISION_MODE=fp32_fp64
105	Filtering/MathematicalMorphology	VanHerkGilWermanErodeImageFilter	并行	123.494104644	0	DCU 混精加速比 > 1 且 DCU 混精误差 max_abs <= 1e-5	hip_mathematical_morphology_benchmark	固定标量、二值或标签2D输入；比较一致性、拓扑和端到端墙钟	标准回归输入：按清单规定的固定公式、数据类型、尺寸和参数生成；结果标记为 internal_deterministic。外部文件复核使用 data/ 下与该函数数据类型匹配的文件，并记录具体文件名。	以对应模块程序内置尺寸和参数为准	ITK_ENABLE_MIXED_PRECISION=OFF	ITK_ENABLE_MIXED_PRECISION=ON；ITK_HIP_PRECISION_MODE=fp32_fp64
106	Filtering/MathematicalMorphology	WhiteTopHatImageFilter	并行	103.790675442	0	DCU 混精加速比 > 1 且 DCU 混精误差 max_abs <= 1e-5	hip_mathematical_morphology_benchmark	固定标量、二值或标签2D输入；比较一致性、拓扑和端到端墙钟	标准回归输入：按清单规定的固定公式、数据类型、尺寸和参数生成；结果标记为 internal_deterministic。外部文件复核使用 data/ 下与该函数数据类型匹配的文件，并记录具体文件名。	以对应模块程序内置尺寸和参数为准	ITK_ENABLE_MIXED_PRECISION=OFF	ITK_ENABLE_MIXED_PRECISION=ON；ITK_HIP_PRECISION_MODE=fp32_fp64
107	Filtering/Path	ContourExtractor2DImageFilter	并行	6.01028426892	0	DCU 混精加速比 > 1 且 DCU 混精误差 max_abs <= 1e-5	hip_path_compatibility_benchmark / hip_stage5_path_contour_test	固定路径、点集、网格或空间对象；比较几何、拓扑和端到端墙钟	标准回归输入：按清单规定的固定公式、数据类型、尺寸和参数生成；结果标记为 internal_deterministic。外部文件复核使用 data/ 下与该函数数据类型匹配的文件，并记录具体文件名。	以对应模块程序内置尺寸和参数为准	ITK_ENABLE_MIXED_PRECISION=OFF	ITK_ENABLE_MIXED_PRECISION=ON；ITK_HIP_PRECISION_MODE=fp32_fp64
108	Filtering/Smoothing	BinomialBlurImageFilter	并行	117.0291098	0	DCU 混精加速比 > 1 且 DCU 混精误差 max_abs <= 1e-5	hip_smoothing_benchmark / hip_smoothing_extra_benchmark	固定2D合成图像；CPU参考与Hip/DCU分别运行，比较误差并记录端到端墙钟	标准回归输入：按清单规定的固定公式、数据类型、尺寸和参数生成；结果标记为 internal_deterministic。外部文件复核使用 data/ 下与该函数数据类型匹配的文件，并记录具体文件名。	默认2048x2048；Median通常不超过512x512	ITK_ENABLE_MIXED_PRECISION=OFF	ITK_ENABLE_MIXED_PRECISION=ON；ITK_HIP_PRECISION_MODE=fp32_fp64
109	Filtering/Smoothing	BoxMeanImageFilter	并行	27.764916987	0	DCU 混精加速比 > 1 且 DCU 混精误差 max_abs <= 1e-5	hip_smoothing_benchmark / hip_smoothing_extra_benchmark	固定2D合成图像；CPU参考与Hip/DCU分别运行，比较误差并记录端到端墙钟	标准回归输入：按清单规定的固定公式、数据类型、尺寸和参数生成；结果标记为 internal_deterministic。外部文件复核使用 data/ 下与该函数数据类型匹配的文件，并记录具体文件名。	默认2048x2048；Median通常不超过512x512	ITK_ENABLE_MIXED_PRECISION=OFF	ITK_ENABLE_MIXED_PRECISION=ON；ITK_HIP_PRECISION_MODE=fp32_fp64
110	Filtering/Smoothing	BoxSigmaImageFilter	并行	38.4229323961	0	DCU 混精加速比 > 1 且 DCU 混精误差 max_abs <= 1e-5	hip_smoothing_benchmark / hip_smoothing_extra_benchmark	固定2D合成图像；CPU参考与Hip/DCU分别运行，比较误差并记录端到端墙钟	标准回归输入：按清单规定的固定公式、数据类型、尺寸和参数生成；结果标记为 internal_deterministic。外部文件复核使用 data/ 下与该函数数据类型匹配的文件，并记录具体文件名。	默认2048x2048；Median通常不超过512x512	ITK_ENABLE_MIXED_PRECISION=OFF	ITK_ENABLE_MIXED_PRECISION=ON；ITK_HIP_PRECISION_MODE=fp32_fp64
111	Filtering/Smoothing	MeanImageFilter	并行	32.8179321695	0	DCU 混精加速比 > 1 且 DCU 混精误差 max_abs <= 1e-5	hip_smoothing_benchmark / hip_smoothing_extra_benchmark	固定2D合成图像；CPU参考与Hip/DCU分别运行，比较误差并记录端到端墙钟	标准回归输入：按清单规定的固定公式、数据类型、尺寸和参数生成；结果标记为 internal_deterministic。外部文件复核使用 data/ 下与该函数数据类型匹配的文件，并记录具体文件名。	默认2048x2048；Median通常不超过512x512	ITK_ENABLE_MIXED_PRECISION=OFF	ITK_ENABLE_MIXED_PRECISION=ON；ITK_HIP_PRECISION_MODE=fp32_fp64
112	Filtering/Smoothing	MedianImageFilter	并行	102.983075979	0	DCU 混精加速比 > 1 且 DCU 混精误差 max_abs <= 1e-5	hip_smoothing_benchmark / hip_smoothing_extra_benchmark	固定2D合成图像；CPU参考与Hip/DCU分别运行，比较误差并记录端到端墙钟	标准回归输入：按清单规定的固定公式、数据类型、尺寸和参数生成；结果标记为 internal_deterministic。外部文件复核使用 data/ 下与该函数数据类型匹配的文件，并记录具体文件名。	默认2048x2048；Median通常不超过512x512	ITK_ENABLE_MIXED_PRECISION=OFF	ITK_ENABLE_MIXED_PRECISION=ON；ITK_HIP_PRECISION_MODE=fp32_fp64
113	Filtering/Smoothing	RecursiveGaussianImageFilter	并行	10.2217419116	0.00000175680420874	DCU 混精加速比 > 1 且 DCU 混精误差 max_abs <= 1e-5	hip_smoothing_benchmark / hip_smoothing_extra_benchmark	固定2D合成图像；CPU参考与Hip/DCU分别运行，比较误差并记录端到端墙钟	标准回归输入：按清单规定的固定公式、数据类型、尺寸和参数生成；结果标记为 internal_deterministic。外部文件复核使用 data/ 下与该函数数据类型匹配的文件，并记录具体文件名。	默认2048x2048；Median通常不超过512x512	ITK_ENABLE_MIXED_PRECISION=OFF	ITK_ENABLE_MIXED_PRECISION=ON；ITK_HIP_PRECISION_MODE=fp32_fp64
114	Filtering/SpatialFunction	SpatialFunctionImageEvaluatorFilter	并行	78.1481704675	0	DCU 混精加速比 > 1 且 DCU 混精误差 max_abs <= 1e-5	hip_misc_benchmark / hip_image_feature_benchmark	固定路径、点集、网格或空间对象；比较几何、拓扑和端到端墙钟	标准回归输入：按清单规定的固定公式、数据类型、尺寸和参数生成；结果标记为 internal_deterministic。外部文件复核使用 data/ 下与该函数数据类型匹配的文件，并记录具体文件名。	以对应模块程序内置尺寸和参数为准	ITK_ENABLE_MIXED_PRECISION=OFF	ITK_ENABLE_MIXED_PRECISION=ON；ITK_HIP_PRECISION_MODE=fp32_fp64
115	Filtering/Thresholding	BinaryThresholdImageFilter	并行	57.5155283147	0	DCU 混精加速比 > 1 且 DCU 混精误差 max_abs <= 1e-5	hip_thresholding_benchmark / hip_thresholding_test	固定标量、二值或标签2D输入；比较一致性、拓扑和端到端墙钟	标准回归输入：按清单规定的固定公式、数据类型、尺寸和参数生成；结果标记为 internal_deterministic。外部文件复核使用 data/ 下与该函数数据类型匹配的文件，并记录具体文件名。	以对应模块程序内置尺寸和参数为准	ITK_ENABLE_MIXED_PRECISION=OFF	ITK_ENABLE_MIXED_PRECISION=ON；ITK_HIP_PRECISION_MODE=fp32_fp64
116	Filtering/Thresholding	HistogramThresholdImageFilter	并行	2.30303842104	0	DCU 混精加速比 > 1 且 DCU 混精误差 max_abs <= 1e-5	hip_thresholding_benchmark / hip_thresholding_test	固定标量、二值或标签2D输入；比较一致性、拓扑和端到端墙钟	标准回归输入：按清单规定的固定公式、数据类型、尺寸和参数生成；结果标记为 internal_deterministic。外部文件复核使用 data/ 下与该函数数据类型匹配的文件，并记录具体文件名。	以对应模块程序内置尺寸和参数为准	ITK_ENABLE_MIXED_PRECISION=OFF	ITK_ENABLE_MIXED_PRECISION=ON；ITK_HIP_PRECISION_MODE=fp32_fp64
117	Filtering/Thresholding	HuangThresholdImageFilter	并行	2.31589540989	0	DCU 混精加速比 > 1 且 DCU 混精误差 max_abs <= 1e-5	hip_thresholding_benchmark / hip_thresholding_test	固定标量、二值或标签2D输入；比较一致性、拓扑和端到端墙钟	标准回归输入：按清单规定的固定公式、数据类型、尺寸和参数生成；结果标记为 internal_deterministic。外部文件复核使用 data/ 下与该函数数据类型匹配的文件，并记录具体文件名。	以对应模块程序内置尺寸和参数为准	ITK_ENABLE_MIXED_PRECISION=OFF	ITK_ENABLE_MIXED_PRECISION=ON；ITK_HIP_PRECISION_MODE=fp32_fp64
118	Filtering/Thresholding	IntermodesThresholdImageFilter	并行	2.32014066604	0	DCU 混精加速比 > 1 且 DCU 混精误差 max_abs <= 1e-5	hip_thresholding_benchmark / hip_thresholding_test	固定标量、二值或标签2D输入；比较一致性、拓扑和端到端墙钟	标准回归输入：按清单规定的固定公式、数据类型、尺寸和参数生成；结果标记为 internal_deterministic。外部文件复核使用 data/ 下与该函数数据类型匹配的文件，并记录具体文件名。	以对应模块程序内置尺寸和参数为准	ITK_ENABLE_MIXED_PRECISION=OFF	ITK_ENABLE_MIXED_PRECISION=ON；ITK_HIP_PRECISION_MODE=fp32_fp64
119	Filtering/Thresholding	IsoDataThresholdImageFilter	并行	2.32020402516	0	DCU 混精加速比 > 1 且 DCU 混精误差 max_abs <= 1e-5	hip_thresholding_benchmark / hip_thresholding_test	固定标量、二值或标签2D输入；比较一致性、拓扑和端到端墙钟	标准回归输入：按清单规定的固定公式、数据类型、尺寸和参数生成；结果标记为 internal_deterministic。外部文件复核使用 data/ 下与该函数数据类型匹配的文件，并记录具体文件名。	以对应模块程序内置尺寸和参数为准	ITK_ENABLE_MIXED_PRECISION=OFF	ITK_ENABLE_MIXED_PRECISION=ON；ITK_HIP_PRECISION_MODE=fp32_fp64
120	Filtering/Thresholding	KappaSigmaThresholdImageFilter	并行	1.2117106345	0	DCU 混精加速比 > 1 且 DCU 混精误差 max_abs <= 1e-5	hip_thresholding_benchmark / hip_thresholding_test	固定标量、二值或标签2D输入；比较一致性、拓扑和端到端墙钟	标准回归输入：按清单规定的固定公式、数据类型、尺寸和参数生成；结果标记为 internal_deterministic。外部文件复核使用 data/ 下与该函数数据类型匹配的文件，并记录具体文件名。	以对应模块程序内置尺寸和参数为准	ITK_ENABLE_MIXED_PRECISION=OFF	ITK_ENABLE_MIXED_PRECISION=ON；ITK_HIP_PRECISION_MODE=fp32_fp64
121	Filtering/Thresholding	KittlerIllingworthThresholdImageFilter	并行	2.32145986083	0	DCU 混精加速比 > 1 且 DCU 混精误差 max_abs <= 1e-5	hip_thresholding_benchmark / hip_thresholding_test	固定标量、二值或标签2D输入；比较一致性、拓扑和端到端墙钟	标准回归输入：按清单规定的固定公式、数据类型、尺寸和参数生成；结果标记为 internal_deterministic。外部文件复核使用 data/ 下与该函数数据类型匹配的文件，并记录具体文件名。	以对应模块程序内置尺寸和参数为准	ITK_ENABLE_MIXED_PRECISION=OFF	ITK_ENABLE_MIXED_PRECISION=ON；ITK_HIP_PRECISION_MODE=fp32_fp64
122	Filtering/Thresholding	LiThresholdImageFilter	并行	2.32520686672	0	DCU 混精加速比 > 1 且 DCU 混精误差 max_abs <= 1e-5	hip_thresholding_benchmark / hip_thresholding_test	固定标量、二值或标签2D输入；比较一致性、拓扑和端到端墙钟	标准回归输入：按清单规定的固定公式、数据类型、尺寸和参数生成；结果标记为 internal_deterministic。外部文件复核使用 data/ 下与该函数数据类型匹配的文件，并记录具体文件名。	以对应模块程序内置尺寸和参数为准	ITK_ENABLE_MIXED_PRECISION=OFF	ITK_ENABLE_MIXED_PRECISION=ON；ITK_HIP_PRECISION_MODE=fp32_fp64
123	Filtering/Thresholding	MaximumEntropyThresholdImageFilter	并行	2.30947173303	0	DCU 混精加速比 > 1 且 DCU 混精误差 max_abs <= 1e-5	hip_thresholding_benchmark / hip_thresholding_test	固定标量、二值或标签2D输入；比较一致性、拓扑和端到端墙钟	标准回归输入：按清单规定的固定公式、数据类型、尺寸和参数生成；结果标记为 internal_deterministic。外部文件复核使用 data/ 下与该函数数据类型匹配的文件，并记录具体文件名。	以对应模块程序内置尺寸和参数为准	ITK_ENABLE_MIXED_PRECISION=OFF	ITK_ENABLE_MIXED_PRECISION=ON；ITK_HIP_PRECISION_MODE=fp32_fp64
124	Filtering/Thresholding	MomentsThresholdImageFilter	并行	2.32970530086	0	DCU 混精加速比 > 1 且 DCU 混精误差 max_abs <= 1e-5	hip_thresholding_benchmark / hip_thresholding_test	固定标量、二值或标签2D输入；比较一致性、拓扑和端到端墙钟	标准回归输入：按清单规定的固定公式、数据类型、尺寸和参数生成；结果标记为 internal_deterministic。外部文件复核使用 data/ 下与该函数数据类型匹配的文件，并记录具体文件名。	以对应模块程序内置尺寸和参数为准	ITK_ENABLE_MIXED_PRECISION=OFF	ITK_ENABLE_MIXED_PRECISION=ON；ITK_HIP_PRECISION_MODE=fp32_fp64
125	Filtering/Thresholding	OtsuThresholdImageFilter	并行	2.31981989871	0	DCU 混精加速比 > 1 且 DCU 混精误差 max_abs <= 1e-5	hip_thresholding_benchmark / hip_thresholding_test	固定标量、二值或标签2D输入；比较一致性、拓扑和端到端墙钟	标准回归输入：按清单规定的固定公式、数据类型、尺寸和参数生成；结果标记为 internal_deterministic。外部文件复核使用 data/ 下与该函数数据类型匹配的文件，并记录具体文件名。	以对应模块程序内置尺寸和参数为准	ITK_ENABLE_MIXED_PRECISION=OFF	ITK_ENABLE_MIXED_PRECISION=ON；ITK_HIP_PRECISION_MODE=fp32_fp64
126	Filtering/Thresholding	RenyiEntropyThresholdImageFilter	并行	2.30303842104	0	DCU 混精加速比 > 1 且 DCU 混精误差 max_abs <= 1e-5	hip_thresholding_benchmark / hip_thresholding_test	固定标量、二值或标签2D输入；比较一致性、拓扑和端到端墙钟	标准回归输入：按清单规定的固定公式、数据类型、尺寸和参数生成；结果标记为 internal_deterministic。外部文件复核使用 data/ 下与该函数数据类型匹配的文件，并记录具体文件名。	以对应模块程序内置尺寸和参数为准	ITK_ENABLE_MIXED_PRECISION=OFF	ITK_ENABLE_MIXED_PRECISION=ON；ITK_HIP_PRECISION_MODE=fp32_fp64
127	Filtering/Thresholding	ShanbhagThresholdImageFilter	并行	2.3204431143	0	DCU 混精加速比 > 1 且 DCU 混精误差 max_abs <= 1e-5	hip_thresholding_benchmark / hip_thresholding_test	固定标量、二值或标签2D输入；比较一致性、拓扑和端到端墙钟	标准回归输入：按清单规定的固定公式、数据类型、尺寸和参数生成；结果标记为 internal_deterministic。外部文件复核使用 data/ 下与该函数数据类型匹配的文件，并记录具体文件名。	以对应模块程序内置尺寸和参数为准	ITK_ENABLE_MIXED_PRECISION=OFF	ITK_ENABLE_MIXED_PRECISION=ON；ITK_HIP_PRECISION_MODE=fp32_fp64
128	Filtering/Thresholding	ThresholdImageFilter	并行	39.9343976152	0	DCU 混精加速比 > 1 且 DCU 混精误差 max_abs <= 1e-5	hip_thresholding_benchmark / hip_thresholding_test	固定标量、二值或标签2D输入；比较一致性、拓扑和端到端墙钟	标准回归输入：按清单规定的固定公式、数据类型、尺寸和参数生成；结果标记为 internal_deterministic。外部文件复核使用 data/ 下与该函数数据类型匹配的文件，并记录具体文件名。	以对应模块程序内置尺寸和参数为准	ITK_ENABLE_MIXED_PRECISION=OFF	ITK_ENABLE_MIXED_PRECISION=ON；ITK_HIP_PRECISION_MODE=fp32_fp64
129	Filtering/Thresholding	TriangleThresholdImageFilter	并行	2.32089759034	0	DCU 混精加速比 > 1 且 DCU 混精误差 max_abs <= 1e-5	hip_thresholding_benchmark / hip_thresholding_test	固定标量、二值或标签2D输入；比较一致性、拓扑和端到端墙钟	标准回归输入：按清单规定的固定公式、数据类型、尺寸和参数生成；结果标记为 internal_deterministic。外部文件复核使用 data/ 下与该函数数据类型匹配的文件，并记录具体文件名。	以对应模块程序内置尺寸和参数为准	ITK_ENABLE_MIXED_PRECISION=OFF	ITK_ENABLE_MIXED_PRECISION=ON；ITK_HIP_PRECISION_MODE=fp32_fp64
130	Filtering/Thresholding	YenThresholdImageFilter	并行	2.32146312393	0	DCU 混精加速比 > 1 且 DCU 混精误差 max_abs <= 1e-5	hip_thresholding_benchmark / hip_thresholding_test	固定标量、二值或标签2D输入；比较一致性、拓扑和端到端墙钟	标准回归输入：按清单规定的固定公式、数据类型、尺寸和参数生成；结果标记为 internal_deterministic。外部文件复核使用 data/ 下与该函数数据类型匹配的文件，并记录具体文件名。	以对应模块程序内置尺寸和参数为准	ITK_ENABLE_MIXED_PRECISION=OFF	ITK_ENABLE_MIXED_PRECISION=ON；ITK_HIP_PRECISION_MODE=fp32_fp64
131	Registration/Metricsv4	ExpectationBasedPointSetToPointSetMetricv4	并行	4.0630805567	0	DCU 混精加速比 > 1 且 DCU 混精误差 max_abs <= 1e-5	hip_registration_metricv4_benchmark	固定fixed/moving图像或点集；比较度量值、收敛指标和端到端墙钟	标准回归输入：按清单规定的固定公式、数据类型、尺寸和参数生成；结果标记为 internal_deterministic。外部文件复核使用 data/ 下与该函数数据类型匹配的文件，并记录具体文件名。	以对应模块程序内置尺寸和参数为准	ITK_ENABLE_MIXED_PRECISION=OFF	ITK_ENABLE_MIXED_PRECISION=ON；ITK_HIP_PRECISION_MODE=fp32_fp64
132	Registration/Metricsv4	JensenHavrdaCharvatTsallisPointSetToPointSetMetricv4	并行	3.96298527604	0	DCU 混精加速比 > 1 且 DCU 混精误差 max_abs <= 1e-5	hip_registration_metricv4_benchmark	固定fixed/moving图像或点集；比较度量值、收敛指标和端到端墙钟	标准回归输入：按清单规定的固定公式、数据类型、尺寸和参数生成；结果标记为 internal_deterministic。外部文件复核使用 data/ 下与该函数数据类型匹配的文件，并记录具体文件名。	以对应模块程序内置尺寸和参数为准	ITK_ENABLE_MIXED_PRECISION=OFF	ITK_ENABLE_MIXED_PRECISION=ON；ITK_HIP_PRECISION_MODE=fp32_fp64
133	Registration/PDEDeformable	DemonsRegistrationFilter	并行	7.63959579323	0	DCU 混精加速比 > 1 且 DCU 混精误差 max_abs <= 1e-5	hip_registration_benchmark / hip_final7_benchmark	固定fixed/moving图像或点集；比较度量值、收敛指标和端到端墙钟	标准回归输入：按清单规定的固定公式、数据类型、尺寸和参数生成；结果标记为 internal_deterministic。外部文件复核使用 data/ 下与该函数数据类型匹配的文件，并记录具体文件名。	以对应模块程序内置尺寸和参数为准	ITK_ENABLE_MIXED_PRECISION=OFF	ITK_ENABLE_MIXED_PRECISION=ON；ITK_HIP_PRECISION_MODE=fp32_fp64
134	Registration/PDEDeformable	DiffeomorphicDemonsRegistrationFilter	并行	7.62596286559	0	DCU 混精加速比 > 1 且 DCU 混精误差 max_abs <= 1e-5	hip_registration_benchmark / hip_final7_benchmark	固定fixed/moving图像或点集；比较度量值、收敛指标和端到端墙钟	标准回归输入：按清单规定的固定公式、数据类型、尺寸和参数生成；结果标记为 internal_deterministic。外部文件复核使用 data/ 下与该函数数据类型匹配的文件，并记录具体文件名。	以对应模块程序内置尺寸和参数为准	ITK_ENABLE_MIXED_PRECISION=OFF	ITK_ENABLE_MIXED_PRECISION=ON；ITK_HIP_PRECISION_MODE=fp32_fp64
135	Registration/PDEDeformable	FastSymmetricForcesDemonsRegistrationFilter	并行	7.58879618061	0	DCU 混精加速比 > 1 且 DCU 混精误差 max_abs <= 1e-5	hip_registration_benchmark / hip_final7_benchmark	固定fixed/moving图像或点集；比较度量值、收敛指标和端到端墙钟	标准回归输入：按清单规定的固定公式、数据类型、尺寸和参数生成；结果标记为 internal_deterministic。外部文件复核使用 data/ 下与该函数数据类型匹配的文件，并记录具体文件名。	以对应模块程序内置尺寸和参数为准	ITK_ENABLE_MIXED_PRECISION=OFF	ITK_ENABLE_MIXED_PRECISION=ON；ITK_HIP_PRECISION_MODE=fp32_fp64
136	Registration/PDEDeformable	LevelSetMotionRegistrationFilter	并行	7.63968174321	0	DCU 混精加速比 > 1 且 DCU 混精误差 max_abs <= 1e-5	hip_registration_benchmark / hip_final7_benchmark	固定fixed/moving图像或点集；比较度量值、收敛指标和端到端墙钟	标准回归输入：按清单规定的固定公式、数据类型、尺寸和参数生成；结果标记为 internal_deterministic。外部文件复核使用 data/ 下与该函数数据类型匹配的文件，并记录具体文件名。	以对应模块程序内置尺寸和参数为准	ITK_ENABLE_MIXED_PRECISION=OFF	ITK_ENABLE_MIXED_PRECISION=ON；ITK_HIP_PRECISION_MODE=fp32_fp64
137	Registration/PDEDeformable	SymmetricForcesDemonsRegistrationFilter	并行	7.5763495903	0	DCU 混精加速比 > 1 且 DCU 混精误差 max_abs <= 1e-5	hip_registration_benchmark / hip_final7_benchmark	固定fixed/moving图像或点集；比较度量值、收敛指标和端到端墙钟	标准回归输入：按清单规定的固定公式、数据类型、尺寸和参数生成；结果标记为 internal_deterministic。外部文件复核使用 data/ 下与该函数数据类型匹配的文件，并记录具体文件名。	以对应模块程序内置尺寸和参数为准	ITK_ENABLE_MIXED_PRECISION=OFF	ITK_ENABLE_MIXED_PRECISION=ON；ITK_HIP_PRECISION_MODE=fp32_fp64
138	Segmentation/LabelVoting	BinaryMedianImageFilter	并行	503.817999882	0	DCU 混精加速比 > 1 且 DCU 混精误差 max_abs <= 1e-5	hip_segmentation_labels_test / hip_segmentation_benchmark	固定标量、二值或标签2D输入；比较一致性、拓扑和端到端墙钟	标准回归输入：按清单规定的固定公式、数据类型、尺寸和参数生成；结果标记为 internal_deterministic。外部文件复核使用 data/ 下与该函数数据类型匹配的文件，并记录具体文件名。	以对应模块程序内置尺寸和参数为准	ITK_ENABLE_MIXED_PRECISION=OFF	ITK_ENABLE_MIXED_PRECISION=ON；ITK_HIP_PRECISION_MODE=fp32_fp64
139	Segmentation/LabelVoting	VotingBinaryHoleFillingImageFilter	并行	598.346436915	0	DCU 混精加速比 > 1 且 DCU 混精误差 max_abs <= 1e-5	hip_segmentation_labels_test / hip_segmentation_benchmark	固定标量、二值或标签2D输入；比较一致性、拓扑和端到端墙钟	标准回归输入：按清单规定的固定公式、数据类型、尺寸和参数生成；结果标记为 internal_deterministic。外部文件复核使用 data/ 下与该函数数据类型匹配的文件，并记录具体文件名。	以对应模块程序内置尺寸和参数为准	ITK_ENABLE_MIXED_PRECISION=OFF	ITK_ENABLE_MIXED_PRECISION=ON；ITK_HIP_PRECISION_MODE=fp32_fp64
140	Segmentation/LabelVoting	VotingBinaryImageFilter	并行	748.884256316	0	DCU 混精加速比 > 1 且 DCU 混精误差 max_abs <= 1e-5	hip_segmentation_labels_test / hip_segmentation_benchmark	固定标量、二值或标签2D输入；比较一致性、拓扑和端到端墙钟	标准回归输入：按清单规定的固定公式、数据类型、尺寸和参数生成；结果标记为 internal_deterministic。外部文件复核使用 data/ 下与该函数数据类型匹配的文件，并记录具体文件名。	以对应模块程序内置尺寸和参数为准	ITK_ENABLE_MIXED_PRECISION=OFF	ITK_ENABLE_MIXED_PRECISION=ON；ITK_HIP_PRECISION_MODE=fp32_fp64
141	Segmentation/LevelSets	AnisotropicFourthOrderLevelSetImageFilter	并行	1.46568130834	0	DCU 混精加速比 > 1 且 DCU 混精误差 max_abs <= 1e-5	hip_segmentation_benchmark / hip_segmentation_evolution_test	固定level-set和feature图；比较迭代输出、收敛和拓扑指标	标准回归输入：按清单规定的固定公式、数据类型、尺寸和参数生成；结果标记为 internal_deterministic。外部文件复核使用 data/ 下与该函数数据类型匹配的文件，并记录具体文件名。	以对应模块程序内置尺寸和参数为准	ITK_ENABLE_MIXED_PRECISION=OFF	ITK_ENABLE_MIXED_PRECISION=ON；ITK_HIP_PRECISION_MODE=fp32_fp64
142	Segmentation/LevelSets	BinaryMaskToNarrowBandPointSetFilter	并行	5.7348533394	0	DCU 混精加速比 > 1 且 DCU 混精误差 max_abs <= 1e-5	hip_segmentation_benchmark / hip_segmentation_evolution_test	固定level-set和feature图；比较迭代输出、收敛和拓扑指标	标准回归输入：按清单规定的固定公式、数据类型、尺寸和参数生成；结果标记为 internal_deterministic。外部文件复核使用 data/ 下与该函数数据类型匹配的文件，并记录具体文件名。	以对应模块程序内置尺寸和参数为准	ITK_ENABLE_MIXED_PRECISION=OFF	ITK_ENABLE_MIXED_PRECISION=ON；ITK_HIP_PRECISION_MODE=fp32_fp64
143	Segmentation/LevelSets	CannySegmentationLevelSetImageFilter	并行	2.16284835792	0	DCU 混精加速比 > 1 且 DCU 混精误差 max_abs <= 1e-5	hip_segmentation_benchmark / hip_segmentation_evolution_test	固定level-set和feature图；比较迭代输出、收敛和拓扑指标	标准回归输入：按清单规定的固定公式、数据类型、尺寸和参数生成；结果标记为 internal_deterministic。外部文件复核使用 data/ 下与该函数数据类型匹配的文件，并记录具体文件名。	以对应模块程序内置尺寸和参数为准	ITK_ENABLE_MIXED_PRECISION=OFF	ITK_ENABLE_MIXED_PRECISION=ON；ITK_HIP_PRECISION_MODE=fp32_fp64
144	Segmentation/LevelSets	CollidingFrontsImageFilter	并行	4.90778138894	0	DCU 混精加速比 > 1 且 DCU 混精误差 max_abs <= 1e-5	hip_segmentation_benchmark / hip_segmentation_evolution_test	固定level-set和feature图；比较迭代输出、收敛和拓扑指标	标准回归输入：按清单规定的固定公式、数据类型、尺寸和参数生成；结果标记为 internal_deterministic。外部文件复核使用 data/ 下与该函数数据类型匹配的文件，并记录具体文件名。	以对应模块程序内置尺寸和参数为准	ITK_ENABLE_MIXED_PRECISION=OFF	ITK_ENABLE_MIXED_PRECISION=ON；ITK_HIP_PRECISION_MODE=fp32_fp64
145	Segmentation/LevelSets	CurvesLevelSetImageFilter	并行	2.18286325286	0	DCU 混精加速比 > 1 且 DCU 混精误差 max_abs <= 1e-5	hip_segmentation_benchmark / hip_segmentation_evolution_test	固定level-set和feature图；比较迭代输出、收敛和拓扑指标	标准回归输入：按清单规定的固定公式、数据类型、尺寸和参数生成；结果标记为 internal_deterministic。外部文件复核使用 data/ 下与该函数数据类型匹配的文件，并记录具体文件名。	以对应模块程序内置尺寸和参数为准	ITK_ENABLE_MIXED_PRECISION=OFF	ITK_ENABLE_MIXED_PRECISION=ON；ITK_HIP_PRECISION_MODE=fp32_fp64
146	Segmentation/LevelSets	ExtensionVelocitiesImageFilter	并行	5.72963749511	0	DCU 混精加速比 > 1 且 DCU 混精误差 max_abs <= 1e-5	hip_segmentation_benchmark / hip_segmentation_evolution_test	固定level-set和feature图；比较迭代输出、收敛和拓扑指标	标准回归输入：按清单规定的固定公式、数据类型、尺寸和参数生成；结果标记为 internal_deterministic。外部文件复核使用 data/ 下与该函数数据类型匹配的文件，并记录具体文件名。	以对应模块程序内置尺寸和参数为准	ITK_ENABLE_MIXED_PRECISION=OFF	ITK_ENABLE_MIXED_PRECISION=ON；ITK_HIP_PRECISION_MODE=fp32_fp64
147	Segmentation/LevelSets	GeodesicActiveContourLevelSetImageFilter	并行	2.19048835327	0	DCU 混精加速比 > 1 且 DCU 混精误差 max_abs <= 1e-5	hip_segmentation_benchmark / hip_segmentation_evolution_test	固定level-set和feature图；比较迭代输出、收敛和拓扑指标	标准回归输入：按清单规定的固定公式、数据类型、尺寸和参数生成；结果标记为 internal_deterministic。外部文件复核使用 data/ 下与该函数数据类型匹配的文件，并记录具体文件名。	以对应模块程序内置尺寸和参数为准	ITK_ENABLE_MIXED_PRECISION=OFF	ITK_ENABLE_MIXED_PRECISION=ON；ITK_HIP_PRECISION_MODE=fp32_fp64
148	Segmentation/LevelSets	GeodesicActiveContourShapePriorLevelSetImageFilter	并行	2.20836691945	0	DCU 混精加速比 > 1 且 DCU 混精误差 max_abs <= 1e-5	hip_segmentation_benchmark / hip_segmentation_evolution_test	固定level-set和feature图；比较迭代输出、收敛和拓扑指标	标准回归输入：按清单规定的固定公式、数据类型、尺寸和参数生成；结果标记为 internal_deterministic。外部文件复核使用 data/ 下与该函数数据类型匹配的文件，并记录具体文件名。	以对应模块程序内置尺寸和参数为准	ITK_ENABLE_MIXED_PRECISION=OFF	ITK_ENABLE_MIXED_PRECISION=ON；ITK_HIP_PRECISION_MODE=fp32_fp64
149	Segmentation/LevelSets	IsotropicFourthOrderLevelSetImageFilter	并行	1.47111892209	0	DCU 混精加速比 > 1 且 DCU 混精误差 max_abs <= 1e-5	hip_segmentation_benchmark / hip_segmentation_evolution_test	固定level-set和feature图；比较迭代输出、收敛和拓扑指标	标准回归输入：按清单规定的固定公式、数据类型、尺寸和参数生成；结果标记为 internal_deterministic。外部文件复核使用 data/ 下与该函数数据类型匹配的文件，并记录具体文件名。	以对应模块程序内置尺寸和参数为准	ITK_ENABLE_MIXED_PRECISION=OFF	ITK_ENABLE_MIXED_PRECISION=ON；ITK_HIP_PRECISION_MODE=fp32_fp64
150	Segmentation/LevelSets	LaplacianSegmentationLevelSetImageFilter	并行	2.19378493383	0	DCU 混精加速比 > 1 且 DCU 混精误差 max_abs <= 1e-5	hip_segmentation_benchmark / hip_segmentation_evolution_test	固定level-set和feature图；比较迭代输出、收敛和拓扑指标	标准回归输入：按清单规定的固定公式、数据类型、尺寸和参数生成；结果标记为 internal_deterministic。外部文件复核使用 data/ 下与该函数数据类型匹配的文件，并记录具体文件名。	以对应模块程序内置尺寸和参数为准	ITK_ENABLE_MIXED_PRECISION=OFF	ITK_ENABLE_MIXED_PRECISION=ON；ITK_HIP_PRECISION_MODE=fp32_fp64
151	Segmentation/LevelSets	NarrowBandCurvesLevelSetImageFilter	并行	2.17374600951	0	DCU 混精加速比 > 1 且 DCU 混精误差 max_abs <= 1e-5	hip_segmentation_benchmark / hip_segmentation_evolution_test	固定level-set和feature图；比较迭代输出、收敛和拓扑指标	标准回归输入：按清单规定的固定公式、数据类型、尺寸和参数生成；结果标记为 internal_deterministic。外部文件复核使用 data/ 下与该函数数据类型匹配的文件，并记录具体文件名。	以对应模块程序内置尺寸和参数为准	ITK_ENABLE_MIXED_PRECISION=OFF	ITK_ENABLE_MIXED_PRECISION=ON；ITK_HIP_PRECISION_MODE=fp32_fp64
152	Segmentation/LevelSets	NarrowBandThresholdSegmentationLevelSetImageFilter	并行	2.19153641967	0	DCU 混精加速比 > 1 且 DCU 混精误差 max_abs <= 1e-5	hip_segmentation_benchmark / hip_segmentation_evolution_test	固定level-set和feature图；比较迭代输出、收敛和拓扑指标	标准回归输入：按清单规定的固定公式、数据类型、尺寸和参数生成；结果标记为 internal_deterministic。外部文件复核使用 data/ 下与该函数数据类型匹配的文件，并记录具体文件名。	以对应模块程序内置尺寸和参数为准	ITK_ENABLE_MIXED_PRECISION=OFF	ITK_ENABLE_MIXED_PRECISION=ON；ITK_HIP_PRECISION_MODE=fp32_fp64
153	Segmentation/LevelSets	ReinitializeLevelSetImageFilter	并行	1.45455394919	0	DCU 混精加速比 > 1 且 DCU 混精误差 max_abs <= 1e-5	hip_segmentation_benchmark / hip_segmentation_evolution_test	固定level-set和feature图；比较迭代输出、收敛和拓扑指标	标准回归输入：按清单规定的固定公式、数据类型、尺寸和参数生成；结果标记为 internal_deterministic。外部文件复核使用 data/ 下与该函数数据类型匹配的文件，并记录具体文件名。	以对应模块程序内置尺寸和参数为准	ITK_ENABLE_MIXED_PRECISION=OFF	ITK_ENABLE_MIXED_PRECISION=ON；ITK_HIP_PRECISION_MODE=fp32_fp64
154	Segmentation/LevelSets	ShapeDetectionLevelSetImageFilter	并行	2.17357136901	0	DCU 混精加速比 > 1 且 DCU 混精误差 max_abs <= 1e-5	hip_segmentation_benchmark / hip_segmentation_evolution_test	固定level-set和feature图；比较迭代输出、收敛和拓扑指标	标准回归输入：按清单规定的固定公式、数据类型、尺寸和参数生成；结果标记为 internal_deterministic。外部文件复核使用 data/ 下与该函数数据类型匹配的文件，并记录具体文件名。	以对应模块程序内置尺寸和参数为准	ITK_ENABLE_MIXED_PRECISION=OFF	ITK_ENABLE_MIXED_PRECISION=ON；ITK_HIP_PRECISION_MODE=fp32_fp64
155	Segmentation/LevelSets	ThresholdSegmentationLevelSetImageFilter	并行	2.17789080844	0	DCU 混精加速比 > 1 且 DCU 混精误差 max_abs <= 1e-5	hip_segmentation_benchmark / hip_segmentation_evolution_test	固定level-set和feature图；比较迭代输出、收敛和拓扑指标	标准回归输入：按清单规定的固定公式、数据类型、尺寸和参数生成；结果标记为 internal_deterministic。外部文件复核使用 data/ 下与该函数数据类型匹配的文件，并记录具体文件名。	以对应模块程序内置尺寸和参数为准	ITK_ENABLE_MIXED_PRECISION=OFF	ITK_ENABLE_MIXED_PRECISION=ON；ITK_HIP_PRECISION_MODE=fp32_fp64
156	Segmentation/LevelSets	UnsharpMaskLevelSetImageFilter	并行	1.47270491974	0	DCU 混精加速比 > 1 且 DCU 混精误差 max_abs <= 1e-5	hip_segmentation_benchmark / hip_segmentation_evolution_test	固定level-set和feature图；比较迭代输出、收敛和拓扑指标	标准回归输入：按清单规定的固定公式、数据类型、尺寸和参数生成；结果标记为 internal_deterministic。外部文件复核使用 data/ 下与该函数数据类型匹配的文件，并记录具体文件名。	以对应模块程序内置尺寸和参数为准	ITK_ENABLE_MIXED_PRECISION=OFF	ITK_ENABLE_MIXED_PRECISION=ON；ITK_HIP_PRECISION_MODE=fp32_fp64
157	Segmentation/LevelSets	VectorThresholdSegmentationLevelSetImageFilter	并行	2.18372383658	0	DCU 混精加速比 > 1 且 DCU 混精误差 max_abs <= 1e-5	hip_segmentation_benchmark / hip_segmentation_evolution_test	固定level-set和feature图；比较迭代输出、收敛和拓扑指标	标准回归输入：按清单规定的固定公式、数据类型、尺寸和参数生成；结果标记为 internal_deterministic。外部文件复核使用 data/ 下与该函数数据类型匹配的文件，并记录具体文件名。	以对应模块程序内置尺寸和参数为准	ITK_ENABLE_MIXED_PRECISION=OFF	ITK_ENABLE_MIXED_PRECISION=ON；ITK_HIP_PRECISION_MODE=fp32_fp64
