module	suggested_executables	available_executables
Filtering/AnisotropicSmoothing	hip_anisotropic_smoothing_benchmark / hip_anisotropic_smoothing_test	hip_anisotropic_smoothing_benchmark / hip_anisotropic_smoothing_test
Filtering/AntiAlias	hip_antialias_benchmark / hip_antialias_test	hip_antialias_benchmark / hip_antialias_test
Filtering/BiasCorrection	hip_misc_benchmark / hip_misc3_benchmark	hip_misc_benchmark / hip_misc3_benchmark
Filtering/BinaryMathematicalMorphology	hip_mathematical_morphology_benchmark / hip_binary_reconstruction_benchmark	hip_mathematical_morphology_benchmark / hip_binary_reconstruction_benchmark
Filtering/Convolution	hip_convolution_benchmark	hip_convolution_benchmark
Filtering/CurvatureFlow	hip_curvature_flow_benchmark / hip_smoothing_extra_benchmark	hip_curvature_flow_benchmark / hip_smoothing_extra_benchmark
Filtering/Deconvolution	hip_deconvolution_benchmark	hip_deconvolution_benchmark
Filtering/Denoising	hip_denoising_benchmark	hip_denoising_benchmark
Filtering/DiffusionTensorImage	hip_diffusion_tensor_image_benchmark	hip_diffusion_tensor_image_benchmark
Filtering/DisplacementField	hip_displacement_field_benchmark	hip_displacement_field_benchmark
Filtering/DistanceMap	hip_distance_map_benchmark	hip_distance_map_benchmark
Filtering/FFT	hip_fft_benchmark	hip_fft_benchmark
Filtering/ImageCompare	hip_image_compare_benchmark / hip_image_compare_test	hip_image_compare_benchmark / hip_image_compare_test
Filtering/ImageFeature	hip_image_feature_benchmark / hip_image_feature_correctness_test	hip_image_feature_benchmark / hip_image_feature_correctness_test
Filtering/ImageFilterBase	hip_image_intensity_benchmark / hip_misc_benchmark	hip_image_intensity_benchmark / hip_misc_benchmark
Filtering/ImageGradient	hip_image_gradient_benchmark	hip_image_gradient_benchmark
Filtering/ImageGrid	hip_image_grid_benchmark / hip_imagegrid2_benchmark / hip_imagegrid3_benchmark	hip_image_grid_benchmark / hip_imagegrid2_benchmark / hip_imagegrid3_benchmark
Filtering/ImageIntensity	hip_image_intensity_benchmark / hip_image_intensity_remaining_benchmark	hip_image_intensity_benchmark / hip_image_intensity_remaining_benchmark
Filtering/ImageLabel	hip_image_label_benchmark / hip_image_label_correctness_test	hip_image_label_benchmark / hip_image_label_correctness_test
Filtering/ImageNoise	hip_image_noise_benchmark	hip_image_noise_benchmark
Filtering/ImageSources	hip_image_sources_benchmark / hip_image_sources_test	hip_image_sources_benchmark / hip_image_sources_test
Filtering/ImageStatistics	hip_image_statistics_benchmark / hip_image_statistics_test	hip_image_statistics_benchmark / hip_image_statistics_test
Filtering/MathematicalMorphology	hip_mathematical_morphology_benchmark	hip_mathematical_morphology_benchmark
Filtering/Path	hip_path_compatibility_benchmark / hip_stage5_path_contour_test	hip_path_compatibility_benchmark / hip_stage5_path_contour_test
Filtering/QuadEdgeMeshFiltering	hip_mesh_compatibility_benchmark	hip_mesh_compatibility_benchmark
Filtering/Smoothing	hip_smoothing_benchmark / hip_smoothing_extra_benchmark	hip_smoothing_benchmark / hip_smoothing_extra_benchmark
Filtering/SpatialFunction	hip_misc_benchmark / hip_image_feature_benchmark	hip_misc_benchmark / hip_image_feature_benchmark
Filtering/Thresholding	hip_thresholding_benchmark / hip_thresholding_test	hip_thresholding_benchmark / hip_thresholding_test
Registration/Common	hip_registration_common_benchmark / hip_registration_benchmark	hip_registration_common_benchmark / hip_registration_benchmark
Registration/Metricsv4	hip_registration_metricv4_benchmark	hip_registration_metricv4_benchmark
Registration/PDEDeformable	hip_registration_benchmark / hip_final7_benchmark	hip_registration_benchmark / hip_final7_benchmark
Registration/RegistrationMethodsv4	hip_registration_method_benchmark	hip_registration_method_benchmark
Segmentation/DeformableMesh	hip_mesh_compatibility_benchmark	hip_mesh_compatibility_benchmark
Segmentation/LabelVoting	hip_segmentation_labels_test / hip_segmentation_benchmark	hip_segmentation_labels_test / hip_segmentation_benchmark
Segmentation/LevelSets	hip_segmentation_benchmark / hip_segmentation_evolution_test	hip_segmentation_benchmark / hip_segmentation_evolution_test
