item	arm_testdata_path	arm_delivery_path	dcu_common_path	dcu_root_compatibility_path	dimensions	type	arm_testdata_sha256	arm_delivery_sha256	dcu_common_sha256	dcu_root_sha256	status	notes
BrainProtonDensitySlice	ITK_ECNU/ITK_ECNU/testdata/images/BrainProtonDensitySlice.png	ITK_ECNU/ITK_ECNU/送测/data/BrainProtonDensitySlice.png	data/common/BrainProtonDensitySlice.png	data/BrainProtonDensitySlice.png	181x217	uint8-palette-png	f23b1322c71248617341bb41b312c60c222eb65c5d06df9d1a093b96e45e1db9	f23b1322c71248617341bb41b312c60c222eb65c5d06df9d1a093b96e45e1db9	f23b1322c71248617341bb41b312c60c222eb65c5d06df9d1a093b96e45e1db9	f23b1322c71248617341bb41b312c60c222eb65c5d06df9d1a093b96e45e1db9	aligned_exact	ARM testdata、ARM 送测副本（如有）、DCU common 和根目录兼容副本按字节核对。
BrainProtonDensitySliceBorder20	ITK_ECNU/ITK_ECNU/testdata/images/BrainProtonDensitySliceBorder20.png	ITK_ECNU/ITK_ECNU/送测/data/BrainProtonDensitySliceBorder20.png	data/common/BrainProtonDensitySliceBorder20.png	data/BrainProtonDensitySliceBorder20.png	221x257	uint8-palette-png	c9eec8a16e094573ccdb2a0065209c1ca8740132d779ef1df1132d7c0dd42823	c9eec8a16e094573ccdb2a0065209c1ca8740132d779ef1df1132d7c0dd42823	c9eec8a16e094573ccdb2a0065209c1ca8740132d779ef1df1132d7c0dd42823	c9eec8a16e094573ccdb2a0065209c1ca8740132d779ef1df1132d7c0dd42823	aligned_exact	ARM testdata、ARM 送测副本（如有）、DCU common 和根目录兼容副本按字节核对。
BrainProtonDensitySliceShifted13x17y	ITK_ECNU/ITK_ECNU/testdata/images/BrainProtonDensitySliceShifted13x17y.png	ITK_ECNU/ITK_ECNU/送测/data/BrainProtonDensitySliceShifted13x17y.png	data/common/BrainProtonDensitySliceShifted13x17y.png	data/BrainProtonDensitySliceShifted13x17y.png	221x257	uint8-palette-png	602253ec86418500213c2fc08bd17d34041e4939185dfa60e79c0dd7c38e6a4f	602253ec86418500213c2fc08bd17d34041e4939185dfa60e79c0dd7c38e6a4f	602253ec86418500213c2fc08bd17d34041e4939185dfa60e79c0dd7c38e6a4f	602253ec86418500213c2fc08bd17d34041e4939185dfa60e79c0dd7c38e6a4f	aligned_exact	ARM testdata、ARM 送测副本（如有）、DCU common 和根目录兼容副本按字节核对。
BrainProtonDensity1024	ITK_ECNU/ITK_ECNU/testdata/images/BrainProtonDensity1024.png	ITK_ECNU/ITK_ECNU/送测/data/BrainProtonDensity1024.png	data/common/BrainProtonDensity1024.png	data/BrainProtonDensity1024.png	1024x1024	uint8-gray-png	d65771b493ed57741a40f829ffad2df981bc579206feab8deccdbc41cc1c7a1e	d65771b493ed57741a40f829ffad2df981bc579206feab8deccdbc41cc1c7a1e	d65771b493ed57741a40f829ffad2df981bc579206feab8deccdbc41cc1c7a1e	d65771b493ed57741a40f829ffad2df981bc579206feab8deccdbc41cc1c7a1e	aligned_exact	ARM testdata、ARM 送测副本（如有）、DCU common 和根目录兼容副本按字节核对。
BrainProtonDensity1024_fixed	ITK_ECNU/ITK_ECNU/testdata/images/BrainProtonDensity1024_fixed.png	ITK_ECNU/ITK_ECNU/送测/data/BrainProtonDensity1024_fixed.png	data/common/BrainProtonDensity1024_fixed.png	data/BrainProtonDensity1024_fixed.png	1024x1024	uint8-gray-png	d156cb2ed941d17974ab7eb2dcac23817f7aece4c16ef1b8fa4a421251769012	d156cb2ed941d17974ab7eb2dcac23817f7aece4c16ef1b8fa4a421251769012	d156cb2ed941d17974ab7eb2dcac23817f7aece4c16ef1b8fa4a421251769012	d156cb2ed941d17974ab7eb2dcac23817f7aece4c16ef1b8fa4a421251769012	aligned_exact	ARM testdata、ARM 送测副本（如有）、DCU common 和根目录兼容副本按字节核对。
BrainProtonDensity1024_moving	ITK_ECNU/ITK_ECNU/testdata/images/BrainProtonDensity1024_moving.png	ITK_ECNU/ITK_ECNU/送测/data/BrainProtonDensity1024_moving.png	data/common/BrainProtonDensity1024_moving.png	data/BrainProtonDensity1024_moving.png	1024x1024	uint8-gray-png	f5c232ed704944711959cd3cbd2989521ee71d94782092855620ecde20a34ecf	f5c232ed704944711959cd3cbd2989521ee71d94782092855620ecde20a34ecf	f5c232ed704944711959cd3cbd2989521ee71d94782092855620ecde20a34ecf	f5c232ed704944711959cd3cbd2989521ee71d94782092855620ecde20a34ecf	aligned_exact	ARM testdata、ARM 送测副本（如有）、DCU common 和根目录兼容副本按字节核对。
BrainProtonDensitySliceBorder20Mask	ITK_ECNU/ITK_ECNU/testdata/images/BrainProtonDensitySliceBorder20Mask.png		data/common/BrainProtonDensitySliceBorder20Mask.png		221x257	uint8-binary-png	fde1be49ae8d9c65314b583fdc87d83873a85107e85029c503ea8ca7a6ebdaa4		fde1be49ae8d9c65314b583fdc87d83873a85107e85029c503ea8ca7a6ebdaa4		aligned_exact	ARM testdata、ARM 送测副本（如有）、DCU common 和根目录兼容副本按字节核对。
BrainProtonDensitySlice256x256	ITK_ECNU/ITK_ECNU/testdata/images/BrainProtonDensitySlice256x256.png		data/common/BrainProtonDensitySlice256x256.png		214x256	uint8-rgb-png	8e1a79bd51426f493c8e1ecba0b59270e19b7abd526c5c011e29a788474b2ebb		8e1a79bd51426f493c8e1ecba0b59270e19b7abd526c5c011e29a788474b2ebb		aligned_exact	ARM testdata、ARM 送测副本（如有）、DCU common 和根目录兼容副本按字节核对。
scalar_f32			data/dcu_legacy/scalar_f32.mha	scalar_f32.mha	see dataset_manifest.tsv						dcu_legacy	DCU 原有确定性文件；ARM 平台无对应共用文件，继续用于结构化对象复核。
scalar_f64			data/dcu_legacy/scalar_f64.mha	scalar_f64.mha	see dataset_manifest.tsv						dcu_legacy	DCU 原有确定性文件；ARM 平台无对应共用文件，继续用于结构化对象复核。
scalar_signed_f32			data/dcu_legacy/scalar_signed_f32.mha	scalar_signed_f32.mha	see dataset_manifest.tsv						dcu_legacy	DCU 原有确定性文件；ARM 平台无对应共用文件，继续用于结构化对象复核。
binary_u8			data/dcu_legacy/binary_u8.mha	binary_u8.mha	see dataset_manifest.tsv						dcu_legacy	DCU 原有确定性文件；ARM 平台无对应共用文件，继续用于结构化对象复核。
labels_u16			data/dcu_legacy/labels_u16.mha	labels_u16.mha	see dataset_manifest.tsv						dcu_legacy	DCU 原有确定性文件；ARM 平台无对应共用文件，继续用于结构化对象复核。
volume_f32			data/dcu_legacy/volume_f32.mha	volume_f32.mha	see dataset_manifest.tsv						dcu_legacy	DCU 原有确定性文件；ARM 平台无对应共用文件，继续用于结构化对象复核。
vector3_f32			data/dcu_legacy/vector3_f32.mha	vector3_f32.mha	see dataset_manifest.tsv						dcu_legacy	DCU 原有确定性文件；ARM 平台无对应共用文件，继续用于结构化对象复核。
complex2_f32			data/dcu_legacy/complex2_f32.mha	complex2_f32.mha	see dataset_manifest.tsv						dcu_legacy	DCU 原有确定性文件；ARM 平台无对应共用文件，继续用于结构化对象复核。
rgb_u8			data/dcu_legacy/rgb_u8.mha	rgb_u8.mha	see dataset_manifest.tsv						dcu_legacy	DCU 原有确定性文件；ARM 平台无对应共用文件，继续用于结构化对象复核。
tensor6_f32			data/dcu_legacy/tensor6_f32.mha	tensor6_f32.mha	see dataset_manifest.tsv						dcu_legacy	DCU 原有确定性文件；ARM 平台无对应共用文件，继续用于结构化对象复核。
pointset_2d			data/dcu_legacy/pointset_2d.csv	pointset_2d.csv	see dataset_manifest.tsv						dcu_legacy	DCU 原有确定性文件；ARM 平台无对应共用文件，继续用于结构化对象复核。
